,burstduration_1,burstinterval_1,Ku_1,CorrDim_1,PSD_3_to_7_1,PSD_12_to_30_1,PSD_20_to_40_1,levodopa_1
burstduration_1,1.0,0.6225172215186205,0.011386441300429003,-0.4754878852478799,0.36506619724430683,0.45300812479425273,0.27568757102110003,0.275735720848789
burstinterval_1,0.6225172215186205,1.0,0.29180738938770145,-0.7143965131945972,0.4901256872540828,0.5957286843468313,0.4736069749976659,0.021399913114571355
Ku_1,0.011386441300429003,0.29180738938770145,1.0,-0.3857262603035248,0.5030184749945428,0.21938916565468664,0.5043822359878023,0.21256364072879946
CorrDim_1,-0.4754878852478799,-0.7143965131945972,-0.3857262603035248,1.0,0.07441270778453989,0.06762073742842262,0.10501561822178822,0.2863414575673541
PSD_3_to_7_1,0.36506619724430683,0.4901256872540828,0.5030184749945428,0.07441270778453989,1.0,0.9351153478932647,0.9939806127173489,0.49939382201501253
PSD_12_to_30_1,0.45300812479425273,0.5957286843468313,0.21938916565468664,0.06762073742842262,0.9351153478932647,1.0,0.9330243432521764,0.351904069491152
PSD_20_to_40_1,0.27568757102110003,0.4736069749976659,0.5043822359878023,0.10501561822178822,0.9939806127173489,0.9330243432521764,1.0,0.44794169677367485
levodopa_1,0.275735720848789,0.021399913114571355,0.21256364072879946,0.2863414575673541,0.49939382201501253,0.351904069491152,0.44794169677367485,1.0
