,burstduration_10,burstinterval_10,Ku_10,CorrDim_10,PSD_3_to_7_10,PSD_12_to_30_10,PSD_20_to_40_10,levodopa_10
burstduration_10,1.0,-0.6939593719931225,-0.1408751829125965,0.2321657859002041,-0.05729909389752643,-0.09450327021885231,-0.028002586870047176,0.26493427598504793
burstinterval_10,-0.6939593719931225,1.0,-0.16150957295166088,0.2849280460053889,-0.08158931459871253,-0.15123023339171027,-0.13714819331169031,0.13765932401635708
Ku_10,-0.1408751829125965,-0.16150957295166088,1.0,-0.7520215030471206,0.9613180791095616,0.9700367318367896,0.9504460930493743,-0.9702539866960153
CorrDim_10,0.2321657859002041,0.2849280460053889,-0.7520215030471206,1.0,-0.6954046985392268,-0.7294401431231184,-0.7191702914512013,0.7214907041183506
PSD_3_to_7_10,-0.05729909389752643,-0.08158931459871253,0.9613180791095616,-0.6954046985392268,1.0,0.9838194187901074,0.9947327797662028,-0.9026961284299441
PSD_12_to_30_10,-0.09450327021885231,-0.15123023339171027,0.9700367318367896,-0.7294401431231184,0.9838194187901074,1.0,0.9902233572672144,-0.9490659772886106
PSD_20_to_40_10,-0.028002586870047176,-0.13714819331169031,0.9504460930493743,-0.7191702914512013,0.9947327797662028,0.9902233572672144,1.0,-0.8997524692486665
levodopa_10,0.26493427598504793,0.13765932401635708,-0.9702539866960153,0.7214907041183506,-0.9026961284299441,-0.9490659772886106,-0.8997524692486665,1.0
