,burstduration_11,burstinterval_11,Ku_11,CorrDim_11,PSD_3_to_7_11,PSD_12_to_30_11,PSD_20_to_40_11,levodopa_11
burstduration_11,1.0,0.27185597804149225,0.6324713303513486,0.8603130509322385,-0.7625136400790635,-0.8812226479488772,-0.8184682535205617,-0.5984488926148658
burstinterval_11,0.27185597804149225,1.0,0.7979431512603475,-0.1132504204758743,-0.35915445411625413,-0.18942703030478178,-0.19466690930740102,-0.20209911347332724
Ku_11,0.6324713303513486,0.7979431512603475,1.0,0.3968303728030915,-0.6753808671340511,-0.6113387282536392,-0.6008446464105647,-0.19672386707435321
CorrDim_11,0.8603130509322385,-0.1132504204758743,0.3968303728030915,1.0,-0.8140139082671,-0.9433275660203013,-0.9088717099896443,-0.5708685180751798
PSD_3_to_7_11,-0.7625136400790635,-0.35915445411625413,-0.6753808671340511,-0.8140139082671,1.0,0.9559647207472712,0.9745512053933233,0.7218856913351525
PSD_12_to_30_11,-0.8812226479488772,-0.18942703030478178,-0.6113387282536392,-0.9433275660203013,0.9559647207472712,1.0,0.9864484178302813,0.6788449948061389
PSD_20_to_40_11,-0.8184682535205617,-0.19466690930740102,-0.6008446464105647,-0.9088717099896443,0.9745512053933233,0.9864484178302813,1.0,0.695042129353157
levodopa_11,-0.5984488926148658,-0.20209911347332724,-0.19672386707435321,-0.5708685180751798,0.7218856913351525,0.6788449948061389,0.695042129353157,1.0
