,burstduration_12,burstinterval_12,Ku_12,CorrDim_12,PSD_3_to_7_12,PSD_12_to_30_12,PSD_20_to_40_12,levodopa_12
burstduration_12,1.0,-0.23581663685556245,0.15795100496579176,-0.9512790149431569,-0.18125880855804247,0.10841351491276267,-0.09594319868613968,0.035976105351354606
burstinterval_12,-0.23581663685556245,1.0,0.8153615136250671,0.08307413199320819,-0.20023309586858115,-0.346452084450036,-0.24000528708476315,0.05903343242524646
Ku_12,0.15795100496579176,0.8153615136250671,1.0,-0.17105917418832028,-0.5078635250727658,-0.5117601934764826,-0.5166974634976125,0.14206893833730536
CorrDim_12,-0.9512790149431569,0.08307413199320819,-0.17105917418832028,1.0,-0.006460422763976842,-0.27088843009849606,-0.08772958473328193,-0.10842782398058363
PSD_3_to_7_12,-0.18125880855804247,-0.20023309586858115,-0.5078635250727658,-0.006460422763976842,1.0,0.9460505606407932,0.9960821021966172,0.031723202701424216
PSD_12_to_30_12,0.10841351491276267,-0.346452084450036,-0.5117601934764826,-0.27088843009849606,0.9460505606407932,1.0,0.9688523648606348,0.1650076207886242
PSD_20_to_40_12,-0.09594319868613968,-0.24000528708476315,-0.5166974634976125,-0.08772958473328193,0.9960821021966172,0.9688523648606348,1.0,0.03839641628332267
levodopa_12,0.035976105351354606,0.05903343242524646,0.14206893833730536,-0.10842782398058363,0.031723202701424216,0.1650076207886242,0.03839641628332267,1.0
