,burstduration_16,burstinterval_16,Ku_16,CorrDim_16,PSD_3_to_7_16,PSD_12_to_30_16,PSD_20_to_40_16,levodopa_16
burstduration_16,1.0,-0.6478315984725058,0.3108946383642218,0.004978765228653464,-0.32621268482284815,-0.33747460860312517,-0.44331821341457917,-0.28544276548551684
burstinterval_16,-0.6478315984725058,1.0,0.0603732252642179,0.21050646315568203,0.22163938132341968,0.0984937798365077,0.4353640599940776,-0.29091970864470656
Ku_16,0.3108946383642218,0.0603732252642179,1.0,-0.2950934539541326,-0.44200112826723387,-0.5525770180570494,-0.2585353243824467,0.24305630139963175
CorrDim_16,0.004978765228653464,0.21050646315568203,-0.2950934539541326,1.0,0.16624670013200388,0.029018719232701544,0.12151526651498665,-0.6479834897517439
PSD_3_to_7_16,-0.32621268482284815,0.22163938132341968,-0.44200112826723387,0.16624670013200388,1.0,0.9732058463681746,0.9606802798604915,0.11093744597710796
PSD_12_to_30_16,-0.33747460860312517,0.0984937798365077,-0.5525770180570494,0.029018719232701544,0.9732058463681746,1.0,0.8977737109345808,0.20040041155274557
PSD_20_to_40_16,-0.44331821341457917,0.4353640599940776,-0.2585353243824467,0.12151526651498665,0.9606802798604915,0.8977737109345808,1.0,0.14156050644399934
levodopa_16,-0.28544276548551684,-0.29091970864470656,0.24305630139963175,-0.6479834897517439,0.11093744597710796,0.20040041155274557,0.14156050644399934,1.0
