,burstduration_12,burstinterval_12,Ku_12,CorrDim_12,PSD_3_to_7_12,PSD_12_to_30_12,PSD_20_to_40_12,levodopa_12
burstduration_12,1.0,-0.036488952830458124,-0.30195396150906456,-0.8121298685561248,0.3670203361266792,0.26026451678533696,0.3942916176306805,-0.1968393332883982
burstinterval_12,-0.036488952830458124,1.0,-0.26588118339203254,-0.4025619779925036,0.0495566900993998,-0.02784979031914133,0.1184879573423935,0.37589760470079725
Ku_12,-0.30195396150906456,-0.26588118339203254,1.0,0.6795648163587897,-0.25312262620742065,-0.17264826743245285,-0.18517451368373417,-0.8050207264162645
CorrDim_12,-0.8121298685561248,-0.4025619779925036,0.6795648163587897,1.0,-0.3355120647377004,-0.16833685745376273,-0.3483328914501174,-0.22822751391258078
PSD_3_to_7_12,0.3670203361266792,0.0495566900993998,-0.25312262620742065,-0.3355120647377004,1.0,0.9720643857629042,0.9914222163863116,0.26800701895926043
PSD_12_to_30_12,0.26026451678533696,-0.02784979031914133,-0.17264826743245285,-0.16833685745376273,0.9720643857629042,1.0,0.9616797308526455,0.29378485521040076
PSD_20_to_40_12,0.3942916176306805,0.1184879573423935,-0.18517451368373417,-0.3483328914501174,0.9914222163863116,0.9616797308526455,1.0,0.20474802244266413
levodopa_12,-0.1968393332883982,0.37589760470079725,-0.8050207264162645,-0.22822751391258078,0.26800701895926043,0.29378485521040076,0.20474802244266413,1.0
