,burstduration_15,burstinterval_15,Ku_15,CorrDim_15,PSD_3_to_7_15,PSD_12_to_30_15,PSD_20_to_40_15,levodopa_15
burstduration_15,1.0,-0.36643422235519,-0.22951577824180636,-0.08361057689416158,-0.2577887006910132,-0.369521641138139,-0.25855022919554876,-0.2760939806243938
burstinterval_15,-0.36643422235519,1.0,-0.5111600222024522,0.48236111133016435,0.6031205992022881,0.7746732247011052,0.6090787785069754,0.41650406715876914
Ku_15,-0.22951577824180636,-0.5111600222024522,1.0,0.3331767152544855,-0.3979154092605023,-0.37932908024460477,-0.38089662337516883,0.2376886412878168
CorrDim_15,-0.08361057689416158,0.48236111133016435,0.3331767152544855,1.0,0.02175756674564163,0.22374782792979483,0.0488286209300846,0.771725811726489
PSD_3_to_7_15,-0.2577887006910132,0.6031205992022881,-0.3979154092605023,0.02175756674564163,1.0,0.9649987655154434,0.9995809657279006,-0.3887656595407134
PSD_12_to_30_15,-0.369521641138139,0.7746732247011052,-0.37932908024460477,0.22374782792979483,0.9649987655154434,1.0,0.968674888307239,-0.1354711884083902
PSD_20_to_40_15,-0.25855022919554876,0.6090787785069754,-0.38089662337516883,0.0488286209300846,0.9995809657279006,0.968674888307239,1.0,-0.37157574896132395
levodopa_15,-0.2760939806243938,0.41650406715876914,0.2376886412878168,0.771725811726489,-0.3887656595407134,-0.1354711884083902,-0.37157574896132395,1.0
