,burstduration_15,burstinterval_15,Ku_15,CorrDim_15,PSD_3_to_7_15,PSD_12_to_30_15,PSD_20_to_40_15,levodopa_15
burstduration_15,1.0,-0.6660007579169245,0.5816050446204161,-0.19705272904782886,-0.9484642193899057,-0.8259817007606451,-0.9459464831803616,0.4503533816668755
burstinterval_15,-0.6660007579169245,1.0,0.036482629726660554,0.6947843090871472,0.6083777651157857,0.7253401049355886,0.559074620024433,-0.39054568953697366
Ku_15,0.5816050446204161,0.036482629726660554,1.0,0.39270880233423816,-0.6655261949720038,-0.31955420558745895,-0.695337663773108,0.41497617734824904
CorrDim_15,-0.19705272904782886,0.6947843090871472,0.39270880233423816,1.0,0.26516803251181803,0.5433447967211369,0.1792547082278161,-0.21575766247984612
PSD_3_to_7_15,-0.9484642193899057,0.6083777651157857,-0.6655261949720038,0.26516803251181803,1.0,0.9033190700733801,0.9945882394172088,-0.6531112631826774
PSD_12_to_30_15,-0.8259817007606451,0.7253401049355886,-0.31955420558745895,0.5433447967211369,0.9033190700733801,1.0,0.8870160606788243,-0.7388195423772923
PSD_20_to_40_15,-0.9459464831803616,0.559074620024433,-0.695337663773108,0.1792547082278161,0.9945882394172088,0.8870160606788243,1.0,-0.6730248537609376
levodopa_15,0.4503533816668755,-0.39054568953697366,0.41497617734824904,-0.21575766247984612,-0.6531112631826774,-0.7388195423772923,-0.6730248537609376,1.0
