,burstduration_1,burstinterval_1,Ku_1,CorrDim_1,PSD_3_to_7_1,PSD_12_to_30_1,PSD_20_to_40_1,levodopa_1
burstduration_1,1.0,-0.1509628749398239,-0.28312734337167156,-0.1159368125523437,-0.2288722931249721,-0.04639074192276108,-0.2202333027896251,-0.31036789495137107
burstinterval_1,-0.1509628749398239,1.0,0.45145937870075836,0.5782646123755052,0.32382145141672436,0.048990880575277514,0.37978226444249985,0.12892469363501932
Ku_1,-0.28312734337167156,0.45145937870075836,1.0,-0.13792572722342875,0.854921073001319,0.6028951559216627,0.8308289837060191,-0.19084428769098155
CorrDim_1,-0.1159368125523437,0.5782646123755052,-0.13792572722342875,1.0,0.06452410906844146,0.13275159584882043,0.1208745025584616,0.6448674500387609
PSD_3_to_7_1,-0.2288722931249721,0.32382145141672436,0.854921073001319,0.06452410906844146,1.0,0.9013115952456668,0.9915161202406398,0.04014652982449049
PSD_12_to_30_1,-0.04639074192276108,0.048990880575277514,0.6028951559216627,0.13275159584882043,0.9013115952456668,1.0,0.8787839776692568,0.14853103086817557
PSD_20_to_40_1,-0.2202333027896251,0.37978226444249985,0.8308289837060191,0.1208745025584616,0.9915161202406398,0.8787839776692568,1.0,0.0272972217832997
levodopa_1,-0.31036789495137107,0.12892469363501932,-0.19084428769098155,0.6448674500387609,0.04014652982449049,0.14853103086817557,0.0272972217832997,1.0
