,burstduration_1,burstinterval_1,Ku_1,CorrDim_1,PSD_3_to_7_1,PSD_12_to_30_1,PSD_20_to_40_1,levodopa_1
burstduration_1,1.0,-0.7545430874049641,-0.6599927387295388,0.17423826592207456,0.5249613497783189,0.4885330068972975,0.477250223396457,0.17963427434608867
burstinterval_1,-0.7545430874049641,1.0,0.453332030043056,0.37399710583096246,-0.7426593108222793,-0.7053561180522239,-0.7181117232605563,-0.3988675313028667
Ku_1,-0.6599927387295388,0.453332030043056,1.0,-0.2940046175393264,-0.31619682876222477,-0.23410818347573925,-0.2632128443783024,-0.2220187295550225
CorrDim_1,0.17423826592207456,0.37399710583096246,-0.2940046175393264,1.0,-0.6884539712835659,-0.697174882132674,-0.7235546532343639,0.2679034570178336
PSD_3_to_7_1,0.5249613497783189,-0.7426593108222793,-0.31619682876222477,-0.6884539712835659,1.0,0.9918758479988514,0.9979816197020289,-0.2690159455037096
PSD_12_to_30_1,0.4885330068972975,-0.7053561180522239,-0.23410818347573925,-0.697174882132674,0.9918758479988514,1.0,0.9955455294699009,-0.3054693339432153
PSD_20_to_40_1,0.477250223396457,-0.7181117232605563,-0.2632128443783024,-0.7235546532343639,0.9979816197020289,0.9955455294699009,1.0,-0.2905791842761776
levodopa_1,0.17963427434608867,-0.3988675313028667,-0.2220187295550225,0.2679034570178336,-0.2690159455037096,-0.3054693339432153,-0.2905791842761776,1.0
