,burstduration_5,burstinterval_5,Ku_5,CorrDim_5,PSD_3_to_7_5,PSD_12_to_30_5,PSD_20_to_40_5,levodopa_5
burstduration_5,1.0,0.4123594745816257,-0.06195982495820959,0.6971325199752407,-0.07467770077259626,-0.026731288530315905,-0.05312107676437355,-0.5015708071318299
burstinterval_5,0.4123594745816257,1.0,-0.7316853638366964,0.10015794928789269,-0.4221933912834273,-0.4990854304137527,-0.4330100916828392,0.05245682249330224
Ku_5,-0.06195982495820959,-0.7316853638366964,1.0,0.10965727429679421,-0.06287682323746858,-0.026775021039124648,-0.06340155227504668,0.2547203145592458
CorrDim_5,0.6971325199752407,0.10015794928789269,0.10965727429679421,1.0,0.21862439691886676,0.2957335054476084,0.2600263726202598,-0.697068118761862
PSD_3_to_7_5,-0.07467770077259626,-0.4221933912834273,-0.06287682323746858,0.21862439691886676,1.0,0.9665501902746291,0.9969040496018089,-0.6473229824542461
PSD_12_to_30_5,-0.026731288530315905,-0.4990854304137527,-0.026775021039124648,0.2957335054476084,0.9665501902746291,1.0,0.9826352516292792,-0.7598675889254795
PSD_20_to_40_5,-0.05312107676437355,-0.4330100916828392,-0.06340155227504668,0.2600263726202598,0.9969040496018089,0.9826352516292792,1.0,-0.6943700153787847
levodopa_5,-0.5015708071318299,0.05245682249330224,0.2547203145592458,-0.697068118761862,-0.6473229824542461,-0.7598675889254795,-0.6943700153787847,1.0
