,burstduration_11,burstinterval_11,Ku_11,CorrDim_11,PSD_3_to_7_11,PSD_12_to_30_11,PSD_20_to_40_11,levodopa_11
burstduration_11,1.0,-0.5961278236475855,0.8353066541673982,0.4207829326196316,-0.22433881072085024,-0.08468076338172859,-0.25501172518085463,-0.6225813598655612
burstinterval_11,-0.5961278236475855,1.0,-0.16915493741178106,0.347363757627837,0.4652422850135259,0.4740976790896307,0.45299827567044976,0.2960525451011994
Ku_11,0.8353066541673982,-0.16915493741178106,1.0,0.6835392140648842,0.24346561112865095,0.34758249719083256,0.19735318725238746,-0.5438932505485896
CorrDim_11,0.4207829326196316,0.347363757627837,0.6835392140648842,1.0,0.14904283953798886,0.3741707609684684,0.09815904716990213,-0.6939295724396536
PSD_3_to_7_11,-0.22433881072085024,0.4652422850135259,0.24346561112865095,0.14904283953798886,1.0,0.9393130768980538,0.998201612523924,0.4345788885740885
PSD_12_to_30_11,-0.08468076338172859,0.4740976790896307,0.34758249719083256,0.3741707609684684,0.9393130768980538,1.0,0.9326726465585432,0.2540692946003927
PSD_20_to_40_11,-0.25501172518085463,0.45299827567044976,0.19735318725238746,0.09815904716990213,0.998201612523924,0.9326726465585432,1.0,0.47711846795980156
levodopa_11,-0.6225813598655612,0.2960525451011994,-0.5438932505485896,-0.6939295724396536,0.4345788885740885,0.2540692946003927,0.47711846795980156,1.0
