,burstduration_16,burstinterval_16,Ku_16,CorrDim_16,PSD_3_to_7_16,PSD_12_to_30_16,PSD_20_to_40_16,levodopa_16
burstduration_16,1.0,0.9045415777331658,-0.12889613950067885,-0.8645284067282687,-0.37565044768871725,-0.421126222897352,-0.31666746080202374,0.049521412853716036
burstinterval_16,0.9045415777331658,1.0,-0.028750888198762987,-0.648014437414128,-0.13452639149546602,-0.04739221405765879,0.015931190928231486,0.3183189992791809
Ku_16,-0.12889613950067885,-0.028750888198762987,1.0,0.5566012077983017,-0.6139153382247131,-0.21943540204050116,-0.42219639424246713,0.6086036434652812
CorrDim_16,-0.8645284067282687,-0.648014437414128,0.5566012077983017,1.0,0.1675474275119349,0.43464272147357846,0.2500514369046944,0.35059049703569933
PSD_3_to_7_16,-0.37565044768871725,-0.13452639149546602,-0.6139153382247131,0.1675474275119349,1.0,0.8764153087410178,0.9585401704878831,-0.03998859182774419
PSD_12_to_30_16,-0.421126222897352,-0.04739221405765879,-0.21943540204050116,0.43464272147357846,0.8764153087410178,1.0,0.9646040826484851,0.2002813864775928
PSD_20_to_40_16,-0.31666746080202374,0.015931190928231486,-0.42219639424246713,0.2500514369046944,0.9585401704878831,0.9646040826484851,1.0,0.15596180940031387
levodopa_16,0.049521412853716036,0.3183189992791809,0.6086036434652812,0.35059049703569933,-0.03998859182774419,0.2002813864775928,0.15596180940031387,1.0
