,burstduration_13,burstinterval_13,Ku_13,CorrDim_13,PSD_3_to_7_13,PSD_12_to_30_13,PSD_20_to_40_13,levodopa_13
burstduration_13,1.0,-0.38380088220435093,-0.9218334737260246,-0.41196842050194,-0.43833458890747756,-0.2516608756032302,-0.45083598536792,0.2383380821330865
burstinterval_13,-0.38380088220435093,1.0,0.18218421884319105,0.3352644458682245,-0.2717497105678025,-0.4856891290597096,-0.2832843581753161,0.017104506848100134
Ku_13,-0.9218334737260246,0.18218421884319105,1.0,0.5570865411162342,0.5799562076519467,0.3730514412649434,0.5961462199085816,0.0026391471068510568
CorrDim_13,-0.41196842050194,0.3352644458682245,0.5570865411162342,1.0,0.18050532162243102,-0.09662854546690554,0.18681425884477235,-0.01972599244611247
PSD_3_to_7_13,-0.43833458890747756,-0.2717497105678025,0.5799562076519467,0.18050532162243102,1.0,0.9496758581086574,0.9995262706322479,0.21015439967977162
PSD_12_to_30_13,-0.2516608756032302,-0.4856891290597096,0.3730514412649434,-0.09662854546690554,0.9496758581086574,1.0,0.9486672827653055,0.1545822225432764
PSD_20_to_40_13,-0.45083598536792,-0.2832843581753161,0.5961462199085816,0.18681425884477235,0.9995262706322479,0.9486672827653055,1.0,0.2024877652731951
levodopa_13,0.2383380821330865,0.017104506848100134,0.0026391471068510568,-0.01972599244611247,0.21015439967977162,0.1545822225432764,0.2024877652731951,1.0
