,burstduration_3,burstinterval_3,Ku_3,CorrDim_3,PSD_3_to_7_3,PSD_12_to_30_3,PSD_20_to_40_3,levodopa_3
burstduration_3,1.0,0.28547852006101854,-0.8185160195996556,-0.397529773986765,-0.7826595188935225,-0.7691966620051681,-0.7879095827440609,-0.7245133091691545
burstinterval_3,0.28547852006101854,1.0,-0.7346035610770394,0.29791062070160834,-0.01803207078771963,0.04129432612836899,-0.05026575422992905,-0.7796931834683921
Ku_3,-0.8185160195996556,-0.7346035610770394,1.0,0.18699349977338922,0.6636652431042465,0.621255861247006,0.6815398367149448,0.8642537125335792
CorrDim_3,-0.397529773986765,0.29791062070160834,0.18699349977338922,1.0,0.5034695952660553,0.5262579063784154,0.4458192533939004,0.1844895823828704
PSD_3_to_7_3,-0.7826595188935225,-0.01803207078771963,0.6636652431042465,0.5034695952660553,1.0,0.9981986947313887,0.9977778831846636,0.2985675686676096
PSD_12_to_30_3,-0.7691966620051681,0.04129432612836899,0.621255861247006,0.5262579063784154,0.9981986947313887,1.0,0.9937227398639583,0.2570696603521749
PSD_20_to_40_3,-0.7879095827440609,-0.05026575422992905,0.6815398367149448,0.4458192533939004,0.9977778831846636,0.9937227398639583,1.0,0.3070500318373323
levodopa_3,-0.7245133091691545,-0.7796931834683921,0.8642537125335792,0.1844895823828704,0.2985675686676096,0.2570696603521749,0.3070500318373323,1.0
