,burstduration_1,burstinterval_1,Ku_1,CorrDim_1,PSD_3_to_7_1,PSD_12_to_30_1,PSD_20_to_40_1,levodopa_1
burstduration_1,1.0,-0.6261299759965465,0.6945812844589158,0.42737377604837623,-0.07794529710235543,-0.473158797941306,-0.09540556840464309,-0.1713697054752519
burstinterval_1,-0.6261299759965465,1.0,-0.7040464002382075,0.2797458759882257,-0.588436192615638,-0.2587898584820863,-0.5790953245971822,-0.3739079200523516
Ku_1,0.6945812844589158,-0.7040464002382075,1.0,-0.23941740394008218,0.4099853153419323,0.04734772616630081,0.37419605727973304,0.1724498887753022
CorrDim_1,0.42737377604837623,0.2797458759882257,-0.23941740394008218,1.0,-0.9023023035819686,-0.9517097399498321,-0.8972077534323951,-0.3929261093033559
PSD_3_to_7_1,-0.07794529710235543,-0.588436192615638,0.4099853153419323,-0.9023023035819686,1.0,0.911937505601844,0.9988164475339325,0.27170942652054164
PSD_12_to_30_1,-0.473158797941306,-0.2587898584820863,0.04734772616630081,-0.9517097399498321,0.911937505601844,1.0,0.92115298726103,0.25387495793337667
PSD_20_to_40_1,-0.09540556840464309,-0.5790953245971822,0.37419605727973304,-0.8972077534323951,0.9988164475339325,0.92115298726103,1.0,0.25356086286444296
levodopa_1,-0.1713697054752519,-0.3739079200523516,0.1724498887753022,-0.3929261093033559,0.27170942652054164,0.25387495793337667,0.25356086286444296,1.0
