,burstduration_12,burstinterval_12,Ku_12,CorrDim_12,PSD_3_to_7_12,PSD_12_to_30_12,PSD_20_to_40_12,levodopa_12
burstduration_12,1.0,0.30078866645927105,-0.3478674627795649,0.16133828527841015,-0.39575426449873913,-0.41931455884649804,-0.3580213596555584,-0.954014436465996
burstinterval_12,0.30078866645927105,1.0,-0.25196398502300005,0.6796284992791973,0.04229843055483287,-0.0707215965259264,0.06935653384135457,-0.5635683339269593
Ku_12,-0.3478674627795649,-0.25196398502300005,1.0,-0.2872016216390998,0.45748188111604077,0.38488450275220615,0.44093450869138556,0.4101634479136291
CorrDim_12,0.16133828527841015,0.6796284992791973,-0.2872016216390998,1.0,-0.5140521904217277,-0.6746246799020307,-0.5233837287328071,-0.3140493530765163
PSD_3_to_7_12,-0.39575426449873913,0.04229843055483287,0.45748188111604077,-0.5140521904217277,1.0,0.9518399146273073,0.9977397717787889,0.3231785963685297
PSD_12_to_30_12,-0.41931455884649804,-0.0707215965259264,0.38488450275220615,-0.6746246799020307,0.9518399146273073,1.0,0.9608581071276685,0.35724460855790546
PSD_20_to_40_12,-0.3580213596555584,0.06935653384135457,0.44093450869138556,-0.5233837287328071,0.9977397717787889,0.9608581071276685,1.0,0.27885946682800083
levodopa_12,-0.954014436465996,-0.5635683339269593,0.4101634479136291,-0.3140493530765163,0.3231785963685297,0.35724460855790546,0.27885946682800083,1.0
