,burstduration_4,burstinterval_4,Ku_4,CorrDim_4,PSD_3_to_7_4,PSD_12_to_30_4,PSD_20_to_40_4,levodopa_4
burstduration_4,1.0,-0.14324335561814244,0.1319480518109883,-0.17064953965290658,0.43386436829010566,0.23875706775074865,0.4155423277404031,0.16120338029832637
burstinterval_4,-0.14324335561814244,1.0,0.09921572193663045,0.23412831998308406,0.5868842825214343,0.21869467718258062,0.6004811609952891,0.42329724320147194
Ku_4,0.1319480518109883,0.09921572193663045,1.0,-0.2663481978811139,0.22481514388033538,0.703455420407885,0.4227107006768904,-0.3515655171296687
CorrDim_4,-0.17064953965290658,0.23412831998308406,-0.2663481978811139,1.0,0.18817384774485882,-0.19736660789507834,0.10332133964746953,-0.3999337741882629
PSD_3_to_7_4,0.43386436829010566,0.5868842825214343,0.22481514388033538,0.18817384774485882,1.0,0.5983509240486395,0.9759541310279566,0.270745775738734
PSD_12_to_30_4,0.23875706775074865,0.21869467718258062,0.703455420407885,-0.19736660789507834,0.5983509240486395,1.0,0.7140375362267255,-0.06404756643753722
PSD_20_to_40_4,0.4155423277404031,0.6004811609952891,0.4227107006768904,0.10332133964746953,0.9759541310279566,0.7140375362267255,1.0,0.2046415891185461
levodopa_4,0.16120338029832637,0.42329724320147194,-0.3515655171296687,-0.3999337741882629,0.270745775738734,-0.06404756643753722,0.2046415891185461,1.0
