,burstduration_9,burstinterval_9,Ku_9,CorrDim_9,PSD_3_to_7_9,PSD_12_to_30_9,PSD_20_to_40_9,levodopa_9
burstduration_9,1.0,-0.27990718508495416,0.17547786515379413,-0.5346522001393517,0.8289317130508312,0.8581014315050252,0.8294426691750716,-0.3300460473470845
burstinterval_9,-0.27990718508495416,1.0,-0.26962759191156294,0.38323353083532097,-0.441213624737469,-0.3688702975371247,-0.4069993645410286,-0.1998095911750586
Ku_9,0.17547786515379413,-0.26962759191156294,1.0,-0.272494097149781,0.020720935662284085,0.12977952339385554,-0.010071474813275324,0.2914666446771145
CorrDim_9,-0.5346522001393517,0.38323353083532097,-0.272494097149781,1.0,-0.696246913457407,-0.7733090508570584,-0.5289495208528444,0.016605216671331628
PSD_3_to_7_9,0.8289317130508312,-0.441213624737469,0.020720935662284085,-0.696246913457407,1.0,0.9736201936707571,0.9616049956985401,-0.28315123444056584
PSD_12_to_30_9,0.8581014315050252,-0.3688702975371247,0.12977952339385554,-0.7733090508570584,0.9736201936707571,1.0,0.9097952006097311,-0.3446553623334514
PSD_20_to_40_9,0.8294426691750716,-0.4069993645410286,-0.010071474813275324,-0.5289495208528444,0.9616049956985401,0.9097952006097311,1.0,-0.3797884864708642
levodopa_9,-0.3300460473470845,-0.1998095911750586,0.2914666446771145,0.016605216671331628,-0.28315123444056584,-0.3446553623334514,-0.3797884864708642,1.0
