,burstduration_14,burstinterval_14,Ku_14,CorrDim_14,PSD_3_to_7_14,PSD_12_to_30_14,PSD_20_to_40_14,levodopa_14
burstduration_14,1.0,-0.49960537404450134,-0.5164844842971985,0.20944578974583053,-0.6612817529255087,-0.6243877229894531,-0.6400206858370537,0.41895818755273656
burstinterval_14,-0.49960537404450134,1.0,0.6690610312550476,-0.27052721282842856,-0.1106540690468291,-0.018313910104989582,-0.1504641142942237,-0.21676600889981457
Ku_14,-0.5164844842971985,0.6690610312550476,1.0,0.47010311495145773,0.21382414264650096,0.3385226234153298,0.20366625338598662,0.06336040411247557
CorrDim_14,0.20944578974583053,-0.27052721282842856,0.47010311495145773,1.0,0.15119970800934218,0.27077350010436413,0.17867562045405075,0.40237333533679825
PSD_3_to_7_14,-0.6612817529255087,-0.1106540690468291,0.21382414264650096,0.15119970800934218,1.0,0.974355664760705,0.9985125739212608,0.08657476730847781
PSD_12_to_30_14,-0.6243877229894531,-0.018313910104989582,0.3385226234153298,0.27077350010436413,0.974355664760705,1.0,0.9680260422979882,0.12883851285748013
PSD_20_to_40_14,-0.6400206858370537,-0.1504641142942237,0.20366625338598662,0.17867562045405075,0.9985125739212608,0.9680260422979882,1.0,0.11056595794193841
levodopa_14,0.41895818755273656,-0.21676600889981457,0.06336040411247557,0.40237333533679825,0.08657476730847781,0.12883851285748013,0.11056595794193841,1.0
