,burstduration_6,burstinterval_6,Ku_6,CorrDim_6,PSD_3_to_7_6,PSD_12_to_30_6,PSD_20_to_40_6,levodopa_6
burstduration_6,1.0,0.27423489400383794,0.22772334666963748,-0.6685344683463486,0.5408392627891094,0.5681110760449987,0.561205012560212,-0.7733524709050831
burstinterval_6,0.27423489400383794,1.0,0.591737832845567,-0.5672790109658152,-0.4064445808459463,-0.43974344368657453,-0.39982114589189677,-0.06354579812048196
Ku_6,0.22772334666963748,0.591737832845567,1.0,-0.39542087810217386,-0.05500564015148081,0.0677568367280837,-0.05433921150507115,0.21762666676601086
CorrDim_6,-0.6685344683463486,-0.5672790109658152,-0.39542087810217386,1.0,-0.2490240656223285,-0.28398895049450834,-0.3094263128940854,0.6862900711551311
PSD_3_to_7_6,0.5408392627891094,-0.4064445808459463,-0.05500564015148081,-0.2490240656223285,1.0,0.9605961833763337,0.9958631554313501,-0.3510701056940587
PSD_12_to_30_6,0.5681110760449987,-0.43974344368657453,0.0677568367280837,-0.28398895049450834,0.9605961833763337,1.0,0.9694416487622723,-0.3890189118596922
PSD_20_to_40_6,0.561205012560212,-0.39982114589189677,-0.05433921150507115,-0.3094263128940854,0.9958631554313501,0.9694416487622723,1.0,-0.41121850981621944
levodopa_6,-0.7733524709050831,-0.06354579812048196,0.21762666676601086,0.6862900711551311,-0.3510701056940587,-0.3890189118596922,-0.41121850981621944,1.0
