,burstduration_8,burstinterval_8,Ku_8,CorrDim_8,PSD_3_to_7_8,PSD_12_to_30_8,PSD_20_to_40_8,levodopa_8
burstduration_8,1.0,0.1441690261395738,0.21665180758126815,-0.6780841673284761,-0.5894460378582069,-0.5041458581792577,-0.60909996091212,0.4851666096949116
burstinterval_8,0.1441690261395738,1.0,-0.5970297040284769,-0.49233160203558785,0.5560447345627964,0.7049331979708471,0.5654744316571989,0.43892177976526214
Ku_8,0.21665180758126815,-0.5970297040284769,1.0,-0.30376667716722766,-0.6311071128181669,-0.5999208113376655,-0.6161763914029871,0.38744279199237536
CorrDim_8,-0.6780841673284761,-0.49233160203558785,-0.30376667716722766,1.0,0.08190526697492817,-0.07601434409194323,0.0799334947982511,-0.7634063075327083
PSD_3_to_7_8,-0.5894460378582069,0.5560447345627964,-0.6311071128181669,0.08190526697492817,1.0,0.9718154806126003,0.9984268964944341,-0.30316383938248226
PSD_12_to_30_8,-0.5041458581792577,0.7049331979708471,-0.5999208113376655,-0.07601434409194323,0.9718154806126003,1.0,0.9790810341251485,-0.07570841619342654
PSD_20_to_40_8,-0.60909996091212,0.5654744316571989,-0.6161763914029871,0.0799334947982511,0.9984268964944341,0.9790810341251485,1.0,-0.2693879727382342
levodopa_8,0.4851666096949116,0.43892177976526214,0.38744279199237536,-0.7634063075327083,-0.30316383938248226,-0.07570841619342654,-0.2693879727382342,1.0
