,burstduration_3,burstinterval_3,Ku_3,CorrDim_3,PSD_3_to_7_3,PSD_12_to_30_3,PSD_20_to_40_3,levodopa_3
burstduration_3,1.0,0.07070455235373516,-0.03649022767996386,0.8079207753407491,-0.6420892055124396,-0.47272388186807657,-0.5296452286703163,0.08533808903814354
burstinterval_3,0.07070455235373516,1.0,0.010642966396343082,-0.26120814501215683,0.2836388301606674,-0.34753293407391533,0.4776497417641325,-0.16948533154880274
Ku_3,-0.03649022767996386,0.010642966396343082,1.0,-0.27137717453768984,0.5729749707337592,0.05015810090409216,0.6242844028813976,-0.8237219951903194
CorrDim_3,0.8079207753407491,-0.26120814501215683,-0.27137717453768984,1.0,-0.5924935275374036,-0.0454800461238796,-0.6026137479098154,0.47531739470610723
PSD_3_to_7_3,-0.6420892055124396,0.2836388301606674,0.5729749707337592,-0.5924935275374036,1.0,0.5538678223973816,0.9416926608771234,-0.34259602643454024
PSD_12_to_30_3,-0.47272388186807657,-0.34753293407391533,0.05015810090409216,-0.0454800461238796,0.5538678223973816,1.0,0.257467072631236,0.42813306159115894
PSD_20_to_40_3,-0.5296452286703163,0.4776497417641325,0.6242844028813976,-0.6026137479098154,0.9416926608771234,0.257467072631236,1.0,-0.5335135333197079
levodopa_3,0.08533808903814354,-0.16948533154880274,-0.8237219951903194,0.47531739470610723,-0.34259602643454024,0.42813306159115894,-0.5335135333197079,1.0
