,burstduration_8,burstinterval_8,Ku_8,CorrDim_8,PSD_3_to_7_8,PSD_12_to_30_8,PSD_20_to_40_8,levodopa_8
burstduration_8,1.0,-0.02763974833156183,0.2895963999795828,0.4931150935211485,-0.33377329703784986,-0.7019460420325588,-0.4016143685064476,0.33280762291456273
burstinterval_8,-0.02763974833156183,1.0,-0.08183724475671901,-0.018040144938952854,-0.17297253456408954,-0.017952729911319684,-0.17079587668967208,0.32079277624394437
Ku_8,0.2895963999795828,-0.08183724475671901,1.0,0.3587646521285917,-0.35209686853551025,-0.3454826170245427,-0.34531427556764255,0.42577321782907024
CorrDim_8,0.4931150935211485,-0.018040144938952854,0.3587646521285917,1.0,-0.04100887216642583,-0.27689091016959927,-0.10717783598101617,0.12265146252014593
PSD_3_to_7_8,-0.33377329703784986,-0.17297253456408954,-0.35209686853551025,-0.04100887216642583,1.0,0.7596131006276958,0.9809263757844108,0.14793772383439138
PSD_12_to_30_8,-0.7019460420325588,-0.017952729911319684,-0.3454826170245427,-0.27689091016959927,0.7596131006276958,1.0,0.8439586744451559,-0.005404238535311943
PSD_20_to_40_8,-0.4016143685064476,-0.17079587668967208,-0.34531427556764255,-0.10717783598101617,0.9809263757844108,0.8439586744451559,1.0,0.1733046612094557
levodopa_8,0.33280762291456273,0.32079277624394437,0.42577321782907024,0.12265146252014593,0.14793772383439138,-0.005404238535311943,0.1733046612094557,1.0
