,burstduration_4,burstinterval_4,Ku_4,CorrDim_4,PSD_3_to_7_4,PSD_12_to_30_4,PSD_20_to_40_4,levodopa_4
burstduration_4,1.0,0.02280308259985833,0.7727751022720973,-0.1328726058245058,-0.5622499421137221,-0.5400620025299441,-0.5572975127179958,0.8648599376563584
burstinterval_4,0.02280308259985833,1.0,0.04858719917541751,0.9057012367079171,0.3708747551589877,0.4005322838219274,0.3871653978665977,0.1734980487962573
Ku_4,0.7727751022720973,0.04858719917541751,1.0,0.026382328484505512,0.026113168517122847,0.029461717748024467,0.023425536482283717,0.9754449915497525
CorrDim_4,-0.1328726058245058,0.9057012367079171,0.026382328484505512,1.0,0.46806948931568454,0.46107465331616165,0.47272187406839283,0.11162749383274598
PSD_3_to_7_4,-0.5622499421137221,0.3708747551589877,0.026113168517122847,0.46806948931568454,1.0,0.9963016337925986,0.9995726067873129,-0.09527545011450046
PSD_12_to_30_4,-0.5400620025299441,0.4005322838219274,0.029461717748024467,0.46107465331616165,0.9963016337925986,1.0,0.9982810227121879,-0.08488128422366704
PSD_20_to_40_4,-0.5572975127179958,0.3871653978665977,0.023425536482283717,0.47272187406839283,0.9995726067873129,0.9982810227121879,1.0,-0.09441294350386173
levodopa_4,0.8648599376563584,0.1734980487962573,0.9754449915497525,0.11162749383274598,-0.09527545011450046,-0.08488128422366704,-0.09441294350386173,1.0
