,burstduration_2,burstinterval_2,Ku_2,CorrDim_2,PSD_3_to_7_2,PSD_12_to_30_2,PSD_20_to_40_2,levodopa_2
burstduration_2,1.0,-0.7027893373896743,-0.5843939142061327,0.4699680701942911,-0.5096234514277714,-0.4723942141460304,-0.5544670093002437,0.6727118402259036
burstinterval_2,-0.7027893373896743,1.0,0.6976287913092688,0.09818318496860108,0.4903857803736589,0.5512612983618734,0.4888608427881894,-0.005740074708608482
Ku_2,-0.5843939142061327,0.6976287913092688,1.0,-0.09346052641254166,0.959920902560535,0.9787300856944023,0.9542847052151592,-0.08020889328222956
CorrDim_2,0.4699680701942911,0.09818318496860108,-0.09346052641254166,1.0,-0.13527083209941362,-0.05409327044261693,-0.18894180208260153,0.49182372119537193
PSD_3_to_7_2,-0.5096234514277714,0.4903857803736589,0.959920902560535,-0.13527083209941362,1.0,0.9915935943308725,0.9976947825369255,-0.1980015980691349
PSD_12_to_30_2,-0.4723942141460304,0.5512612983618734,0.9787300856944023,-0.05409327044261693,0.9915935943308725,1.0,0.9823385118994225,-0.08767908594534593
PSD_20_to_40_2,-0.5544670093002437,0.4888608427881894,0.9542847052151592,-0.18894180208260153,0.9976947825369255,0.9823385118994225,1.0,-0.2566607638811119
levodopa_2,0.6727118402259036,-0.005740074708608482,-0.08020889328222956,0.49182372119537193,-0.1980015980691349,-0.08767908594534593,-0.2566607638811119,1.0
