,burstduration_15,burstinterval_15,Ku_15,CorrDim_15,PSD_3_to_7_15,PSD_12_to_30_15,PSD_20_to_40_15,levodopa_15
burstduration_15,1.0,0.6265925018817153,0.019270293386087153,0.20121399654844566,-0.7260198070222209,-0.49870974285141756,-0.6914287690336246,0.6167301819068757
burstinterval_15,0.6265925018817153,1.0,0.6107245485164392,0.1372601426407897,-0.5421411908954208,-0.40130268845105116,-0.5565127844827231,0.3593410534363803
Ku_15,0.019270293386087153,0.6107245485164392,1.0,-0.024261490559559784,-0.17767379552257168,-0.4505982939578439,-0.17759799857058167,-0.12683448464698374
CorrDim_15,0.20121399654844566,0.1372601426407897,-0.024261490559559784,1.0,-0.5927061695911958,-0.7109264138828303,-0.5605055051251964,0.142902180508778
PSD_3_to_7_15,-0.7260198070222209,-0.5421411908954208,-0.17767379552257168,-0.5927061695911958,1.0,0.7612166443346364,0.9938568940166548,-0.7954644256616562
PSD_12_to_30_15,-0.49870974285141756,-0.40130268845105116,-0.4505982939578439,-0.7109264138828303,0.7612166443346364,1.0,0.7016388013733496,-0.2366349847414398
PSD_20_to_40_15,-0.6914287690336246,-0.5565127844827231,-0.17759799857058167,-0.5605055051251964,0.9938568940166548,0.7016388013733496,1.0,-0.8364304078192036
levodopa_15,0.6167301819068757,0.3593410534363803,-0.12683448464698374,0.142902180508778,-0.7954644256616562,-0.2366349847414398,-0.8364304078192036,1.0
