,burstduration_2,burstinterval_2,Ku_2,CorrDim_2,PSD_3_to_7_2,PSD_12_to_30_2,PSD_20_to_40_2,levodopa_2
burstduration_2,1.0,0.3062432676332926,0.105843286435955,0.4299886212481134,-0.8023436627835462,-0.6348155077171955,-0.8103055078023395,0.5244052052938736
burstinterval_2,0.3062432676332926,1.0,0.28122959833643674,0.3381194266072773,0.16913654639146905,0.21536510502223602,0.07842300087278924,-0.5791692647891312
Ku_2,0.105843286435955,0.28122959833643674,1.0,0.05262583995056325,0.11642779613289132,0.47159393582087855,0.39478675638118754,-0.16845769128925725
CorrDim_2,0.4299886212481134,0.3381194266072773,0.05262583995056325,1.0,-0.5463185277482675,-0.3009144017463032,-0.3987684454697255,-0.24065620721194553
PSD_3_to_7_2,-0.8023436627835462,0.16913654639146905,0.11642779613289132,-0.5463185277482675,1.0,0.6771536085424446,0.9227003479933444,-0.6339423946810537
PSD_12_to_30_2,-0.6348155077171955,0.21536510502223602,0.47159393582087855,-0.3009144017463032,0.6771536085424446,1.0,0.7604273324832538,-0.667209581738403
PSD_20_to_40_2,-0.8103055078023395,0.07842300087278924,0.39478675638118754,-0.3987684454697255,0.9227003479933444,0.7604273324832538,1.0,-0.6463212330026107
levodopa_2,0.5244052052938736,-0.5791692647891312,-0.16845769128925725,-0.24065620721194553,-0.6339423946810537,-0.667209581738403,-0.6463212330026107,1.0
