,burstduration_2,burstinterval_2,Ku_2,CorrDim_2,PSD_3_to_7_2,PSD_12_to_30_2,PSD_20_to_40_2,levodopa_2
burstduration_2,1.0,0.21686424528433756,-0.7882112471320076,-0.3946116466088983,-0.6218786423187691,-0.6582643273642539,-0.8404854220397493,0.5433287868750447
burstinterval_2,0.21686424528433756,1.0,-0.20706756789652944,0.13459512744274982,0.32950284771260974,-0.3006840911400609,0.0031970243379309217,-0.557225478709524
Ku_2,-0.7882112471320076,-0.20706756789652944,1.0,0.373271394142755,0.6004830966488194,0.591959592843724,0.7664229520735453,-0.21991634671251045
CorrDim_2,-0.3946116466088983,0.13459512744274982,0.373271394142755,1.0,0.6428443929323602,0.16326181746343596,0.429612665408523,-0.00866313220526782
PSD_3_to_7_2,-0.6218786423187691,0.32950284771260974,0.6004830966488194,0.6428443929323602,1.0,0.6935872550694352,0.8999973473700769,-0.5055984976051521
PSD_12_to_30_2,-0.6582643273642539,-0.3006840911400609,0.591959592843724,0.16326181746343596,0.6935872550694352,1.0,0.8804576079037717,-0.2616689714733691
PSD_20_to_40_2,-0.8404854220397493,0.0031970243379309217,0.7664229520735453,0.429612665408523,0.8999973473700769,0.8804576079037717,1.0,-0.5316122116036602
levodopa_2,0.5433287868750447,-0.557225478709524,-0.21991634671251045,-0.00866313220526782,-0.5055984976051521,-0.2616689714733691,-0.5316122116036602,1.0
