,burstduration_3,burstinterval_3,Ku_3,CorrDim_3,PSD_3_to_7_3,PSD_12_to_30_3,PSD_20_to_40_3,levodopa_3
burstduration_3,1.0,-0.6240983406940662,0.04190488092991284,0.08772408581775526,-0.3994410944732884,-0.3798060482179541,-0.32456281836526724,-0.5593992586479734
burstinterval_3,-0.6240983406940662,1.0,-0.13152274250482585,0.1656934851673397,-0.04833106625663939,-0.0038909392881365267,-0.11468758031183232,0.31971149024733464
Ku_3,0.04190488092991284,-0.13152274250482585,1.0,-0.32037767043155985,0.37048927174946633,0.6664809189371991,0.46063618572332693,-0.3294512683230482
CorrDim_3,0.08772408581775526,0.1656934851673397,-0.32037767043155985,1.0,-0.07169196730184979,-0.31872439895407045,-0.12026988309643788,-0.08346349369470386
PSD_3_to_7_3,-0.3994410944732884,-0.04833106625663939,0.37048927174946633,-0.07169196730184979,1.0,0.7527221748611352,0.9840120370564353,0.06873712163887861
PSD_12_to_30_3,-0.3798060482179541,-0.0038909392881365267,0.6664809189371991,-0.31872439895407045,0.7527221748611352,1.0,0.7583052012147523,-0.08013554596052726
PSD_20_to_40_3,-0.32456281836526724,-0.11468758031183232,0.46063618572332693,-0.12026988309643788,0.9840120370564353,0.7583052012147523,1.0,-0.07467460730563577
levodopa_3,-0.5593992586479734,0.31971149024733464,-0.3294512683230482,-0.08346349369470386,0.06873712163887861,-0.08013554596052726,-0.07467460730563577,1.0
