,burstduration_8,burstinterval_8,Ku_8,CorrDim_8,PSD_3_to_7_8,PSD_12_to_30_8,PSD_20_to_40_8,levodopa_8
burstduration_8,1.0,-0.3990362824953616,-0.11819064148905802,0.15995638148048205,-0.7872366098424998,-0.34342360004696765,-0.608146745854279,-0.44574489670003525
burstinterval_8,-0.3990362824953616,1.0,-0.5488754015793713,0.5608847285873033,0.44408954583370913,0.5290561329392199,0.13183823392072463,-0.17973772165549157
Ku_8,-0.11819064148905802,-0.5488754015793713,1.0,-0.9627787693516151,0.1362530220748331,-0.7629335771210425,0.37442138919990825,0.3614021323704918
CorrDim_8,0.15995638148048205,0.5608847285873033,-0.9627787693516151,1.0,-0.29125274095361703,0.7532999990133269,-0.5498895713936374,-0.19162468505236116
PSD_3_to_7_8,-0.7872366098424998,0.44408954583370913,0.1362530220748331,-0.29125274095361703,1.0,0.04022731152003065,0.926317179325466,-0.14923334104543992
PSD_12_to_30_8,-0.34342360004696765,0.5290561329392199,-0.7629335771210425,0.7532999990133269,0.04022731152003065,1.0,-0.29571643394484554,0.1851731729711783
PSD_20_to_40_8,-0.608146745854279,0.13183823392072463,0.37442138919990825,-0.5498895713936374,0.926317179325466,-0.29571643394484554,1.0,-0.2404065542366128
levodopa_8,-0.44574489670003525,-0.17973772165549157,0.3614021323704918,-0.19162468505236116,-0.14923334104543992,0.1851731729711783,-0.2404065542366128,1.0
