,burstduration_1,burstinterval_1,Ku_1,CorrDim_1,PSD_3_to_7_1,PSD_12_to_30_1,PSD_20_to_40_1,levodopa_1
burstduration_1,1.0,-0.2061275480654044,0.6938787279892913,-0.8917520770827202,0.9728808986287578,0.9718297597850122,0.9725030984791206,-0.8339805158001997
burstinterval_1,-0.2061275480654044,1.0,0.4430874913736663,0.10298735450779566,0.02578580254443691,0.03005010712940053,0.027388911072372166,-0.3320727519914521
Ku_1,0.6938787279892913,0.4430874913736663,1.0,-0.6905530943460231,0.81356148012645,0.8187679845170107,0.81515742232915,-0.8096757574074848
CorrDim_1,-0.8917520770827202,0.10298735450779566,-0.6905530943460231,1.0,-0.8878811926024563,-0.8896111872942342,-0.8882493970108759,0.7931461751622673
PSD_3_to_7_1,0.9728808986287578,0.02578580254443691,0.81356148012645,-0.8878811926024563,1.0,0.9999447488081952,0.9999955257433756,-0.9306159602852876
PSD_12_to_30_1,0.9718297597850122,0.03005010712940053,0.8187679845170107,-0.8896111872942342,0.9999447488081952,1.0,0.9999713607535452,-0.9303597105160011
PSD_20_to_40_1,0.9725030984791206,0.027388911072372166,0.81515742232915,-0.8882493970108759,0.9999955257433756,0.9999713607535452,1.0,-0.9306958790188393
levodopa_1,-0.8339805158001997,-0.3320727519914521,-0.8096757574074848,0.7931461751622673,-0.9306159602852876,-0.9303597105160011,-0.9306958790188393,1.0
