,burstduration_13,burstinterval_13,Ku_13,CorrDim_13,PSD_3_to_7_13,PSD_12_to_30_13,PSD_20_to_40_13,levodopa_13
burstduration_13,1.0,0.2659339539976913,0.40434741528250023,-0.41516150937250274,0.06492740647053694,0.11392442844153516,0.025694314663361792,-0.16248082488546492
burstinterval_13,0.2659339539976913,1.0,0.16344060598108737,0.5330893303255128,-0.3165790214677099,-0.20250489990253795,-0.2866019850206628,0.43101350903370755
Ku_13,0.40434741528250023,0.16344060598108737,1.0,-0.5298465922875589,0.8238026962802579,0.8971819671257537,0.8126336826465107,0.10130979673930338
CorrDim_13,-0.41516150937250274,0.5330893303255128,-0.5298465922875589,1.0,-0.7077073630815899,-0.555032241807851,-0.670659179523083,0.6361323429671754
PSD_3_to_7_13,0.06492740647053694,-0.3165790214677099,0.8238026962802579,-0.7077073630815899,1.0,0.9358819585717999,0.9973083522961581,-0.026956680542450713
PSD_12_to_30_13,0.11392442844153516,-0.20250489990253795,0.8971819671257537,-0.555032241807851,0.9358819585717999,1.0,0.924396605123647,0.15110361928319763
PSD_20_to_40_13,0.025694314663361792,-0.2866019850206628,0.8126336826465107,-0.670659179523083,0.9973083522961581,0.924396605123647,1.0,0.010405960701546525
levodopa_13,-0.16248082488546492,0.43101350903370755,0.10130979673930338,0.6361323429671754,-0.026956680542450713,0.15110361928319763,0.010405960701546525,1.0
