,burstduration_13,burstinterval_13,Ku_13,CorrDim_13,PSD_3_to_7_13,PSD_12_to_30_13,PSD_20_to_40_13,levodopa_13
burstduration_13,1.0,-0.4255712452274573,-0.6917162746393408,-0.10643385547175209,-0.22451057052804774,-0.2964036863388754,-0.23970606479774664,-0.6307185415648242
burstinterval_13,-0.4255712452274573,1.0,0.5648379407844739,0.5917174410723126,0.17712840787441445,0.13284772092216535,0.180493013926333,-0.33782363354168904
Ku_13,-0.6917162746393408,0.5648379407844739,1.0,0.03672087116574856,-0.3908531403767229,-0.3707411618356576,-0.37969710543505975,0.3507625236081295
CorrDim_13,-0.10643385547175209,0.5917174410723126,0.03672087116574856,1.0,0.6722601651971442,0.5943453009086105,0.6692570739464939,-0.6466457583185078
PSD_3_to_7_13,-0.22451057052804774,0.17712840787441445,-0.3908531403767229,0.6722601651971442,1.0,0.9925575929095755,0.9998726048982758,-0.2202973381576613
PSD_12_to_30_13,-0.2964036863388754,0.13284772092216535,-0.3707411618356576,0.5943453009086105,0.9925575929095755,1.0,0.9939139150610483,-0.10221664729116602
PSD_20_to_40_13,-0.23970606479774664,0.180493013926333,-0.37969710543505975,0.6692570739464939,0.9998726048982758,0.9939139150610483,1.0,-0.2071374943220451
levodopa_13,-0.6307185415648242,-0.33782363354168904,0.3507625236081295,-0.6466457583185078,-0.2202973381576613,-0.10221664729116602,-0.2071374943220451,1.0
