,burstduration_14,burstinterval_14,Ku_14,CorrDim_14,PSD_3_to_7_14,PSD_12_to_30_14,PSD_20_to_40_14,levodopa_14
burstduration_14,1.0,-0.6530211040383977,-0.3875079276934972,-0.4655919463375922,0.6309816034536346,0.5728893529107772,0.5972729911375543,-0.3474164448398177
burstinterval_14,-0.6530211040383977,1.0,0.6034008123531615,0.47015610796001994,-0.05141849543373578,-0.055121047082420695,-0.02946416006663215,0.6504100442871916
Ku_14,-0.3875079276934972,0.6034008123531615,1.0,-0.03637247919477088,0.37704033370972656,0.4774295077179258,0.40542117728731497,-0.1750072090443538
CorrDim_14,-0.4655919463375922,0.47015610796001994,-0.03637247919477088,1.0,-0.41698187566558187,-0.3540606841378966,-0.4325830268426799,0.7335015117177546
PSD_3_to_7_14,0.6309816034536346,-0.05141849543373578,0.37704033370972656,-0.41698187566558187,1.0,0.9782068836514033,0.9984311461921048,-0.2820507025426239
PSD_12_to_30_14,0.5728893529107772,-0.055121047082420695,0.4774295077179258,-0.3540606841378966,0.9782068836514033,1.0,0.9755641417321466,-0.36249672457781396
PSD_20_to_40_14,0.5972729911375543,-0.02946416006663215,0.40542117728731497,-0.4325830268426799,0.9984311461921048,0.9755641417321466,1.0,-0.2880915800787198
levodopa_14,-0.3474164448398177,0.6504100442871916,-0.1750072090443538,0.7335015117177546,-0.2820507025426239,-0.36249672457781396,-0.2880915800787198,1.0
