,burstduration_5,burstinterval_5,Ku_5,CorrDim_5,PSD_3_to_7_5,PSD_12_to_30_5,PSD_20_to_40_5,levodopa_5
burstduration_5,1.0,0.07370700756392952,0.7756435583807824,-0.44498545267619827,-0.42038006121670246,-0.22286548785297847,-0.4083647052465015,-0.7372362542930248
burstinterval_5,0.07370700756392952,1.0,0.07518976322440653,-0.18450805908758316,-0.5875580777316347,-0.568191916979419,-0.504799950003405,0.22623788379561055
Ku_5,0.7756435583807824,0.07518976322440653,1.0,-0.4866393013550764,-0.5539607970864501,-0.40547635252558056,-0.5325772560392088,-0.5428574355932103
CorrDim_5,-0.44498545267619827,-0.18450805908758316,-0.4866393013550764,1.0,0.6255363872396394,0.5952697157231062,0.5412144787950791,0.8009423662170139
PSD_3_to_7_5,-0.42038006121670246,-0.5875580777316347,-0.5539607970864501,0.6255363872396394,1.0,0.9758219860270536,0.9860080433835782,0.3397328991450114
PSD_12_to_30_5,-0.22286548785297847,-0.568191916979419,-0.40547635252558056,0.5952697157231062,0.9758219860270536,1.0,0.9682590665721542,0.23594216775622376
PSD_20_to_40_5,-0.4083647052465015,-0.504799950003405,-0.5325772560392088,0.5412144787950791,0.9860080433835782,0.9682590665721542,1.0,0.3097273780340951
levodopa_5,-0.7372362542930248,0.22623788379561055,-0.5428574355932103,0.8009423662170139,0.3397328991450114,0.23594216775622376,0.3097273780340951,1.0
