,burstduration_9,burstinterval_9,Ku_9,CorrDim_9,PSD_3_to_7_9,PSD_12_to_30_9,PSD_20_to_40_9,levodopa_9
burstduration_9,1.0,-0.16596059430854176,0.4318489781040457,0.3800946871633062,-0.32022092039656286,-0.31141237129410765,-0.31710339570090673,-0.4122499298514134
burstinterval_9,-0.16596059430854176,1.0,0.2080773974747112,0.8262993628712573,0.18406603608808203,0.01759223209282887,0.15704999167515465,-0.021688013986985156
Ku_9,0.4318489781040457,0.2080773974747112,1.0,0.5927088055393077,-0.11641376682191608,-0.1653073333992624,-0.14276919769825805,-0.06699441069755978
CorrDim_9,0.3800946871633062,0.8262993628712573,0.5927088055393077,1.0,0.00746430035588197,-0.14183339986332927,-0.018804944735029493,-0.23769494127140117
PSD_3_to_7_9,-0.32022092039656286,0.18406603608808203,-0.11641376682191608,0.00746430035588197,1.0,0.9857030657320329,0.9984774140174785,-0.48193612245105544
PSD_12_to_30_9,-0.31141237129410765,0.01759223209282887,-0.1653073333992624,-0.14183339986332927,0.9857030657320329,1.0,0.9880947603773791,-0.4668250434106393
PSD_20_to_40_9,-0.31710339570090673,0.15704999167515465,-0.14276919769825805,-0.018804944735029493,0.9984774140174785,0.9880947603773791,1.0,-0.5124059409034745
levodopa_9,-0.4122499298514134,-0.021688013986985156,-0.06699441069755978,-0.23769494127140117,-0.48193612245105544,-0.4668250434106393,-0.5124059409034745,1.0
