,burstduration_6,burstinterval_6,Ku_6,CorrDim_6,PSD_3_to_7_6,PSD_12_to_30_6,PSD_20_to_40_6,levodopa_6
burstduration_6,1.0,-0.9631933317904111,-0.487671933704551,0.6931039564994956,-0.5305776398125881,-0.5419068981656046,-0.535569960628341,-0.21837717584501376
burstinterval_6,-0.9631933317904111,1.0,0.4509109852040177,-0.7071918006793543,0.49378221963978325,0.4828809141250451,0.49507450709867407,-0.015891893732069638
Ku_6,-0.487671933704551,0.4509109852040177,1.0,-0.3852201527765522,0.9888391142305072,0.98755605761282,0.9871733386820755,-0.18951803249813545
CorrDim_6,0.6931039564994956,-0.7071918006793543,-0.3852201527765522,1.0,-0.31625105754585536,-0.3261657971855678,-0.3114762025615419,-0.1962220890706574
PSD_3_to_7_6,-0.5305776398125881,0.49378221963978325,0.9888391142305072,-0.31625105754585536,1.0,0.9963134297380327,0.9998497814792029,-0.20867729359991993
PSD_12_to_30_6,-0.5419068981656046,0.4828809141250451,0.98755605761282,-0.3261657971855678,0.9963134297380327,1.0,0.9971842579816493,-0.1261188933114141
PSD_20_to_40_6,-0.535569960628341,0.49507450709867407,0.9871733386820755,-0.3114762025615419,0.9998497814792029,0.9971842579816493,1.0,-0.1965788242831257
levodopa_6,-0.21837717584501376,-0.015891893732069638,-0.18951803249813545,-0.1962220890706574,-0.20867729359991993,-0.1261188933114141,-0.1965788242831257,1.0
