,burstduration_10,burstinterval_10,Ku_10,CorrDim_10,PSD_3_to_7_10,PSD_12_to_30_10,PSD_20_to_40_10,levodopa_10
burstduration_10,1.0,0.12808970556613494,0.3381116035460268,0.36527485883350475,-0.49233506657136056,-0.305223347170714,-0.4296738198536986,0.5406828277486107
burstinterval_10,0.12808970556613494,1.0,0.1920065090881596,0.15554509389791174,0.35956653518458515,-0.04910773296381492,0.5408616485245556,-0.7085645957320632
Ku_10,0.3381116035460268,0.1920065090881596,1.0,0.012191228197359657,0.597479971059366,0.7784075148369806,0.5609642003622897,0.20573554912553677
CorrDim_10,0.36527485883350475,0.15554509389791174,0.012191228197359657,1.0,-0.31985709497544573,-0.19129443723709535,-0.29251357603178535,-0.15062784109705665
PSD_3_to_7_10,-0.49233506657136056,0.35956653518458515,0.597479971059366,-0.31985709497544573,1.0,0.8570028089444018,0.9782581786824843,-0.46244369215759373
PSD_12_to_30_10,-0.305223347170714,-0.04910773296381492,0.7784075148369806,-0.19129443723709535,0.8570028089444018,1.0,0.7485928333694155,-0.028373797412307947
PSD_20_to_40_10,-0.4296738198536986,0.5408616485245556,0.5609642003622897,-0.29251357603178535,0.9782581786824843,0.7485928333694155,1.0,-0.5714088083303313
levodopa_10,0.5406828277486107,-0.7085645957320632,0.20573554912553677,-0.15062784109705665,-0.46244369215759373,-0.028373797412307947,-0.5714088083303313,1.0
