,burstduration_2,burstinterval_2,Ku_2,CorrDim_2,PSD_3_to_7_2,PSD_12_to_30_2,PSD_20_to_40_2,levodopa_2
burstduration_2,1.0,0.01763741767676351,-0.36701895980657634,-0.04587805120625294,-0.4247418607595279,-0.3511990151847068,-0.5749044373901844,0.5176764965931917
burstinterval_2,0.01763741767676351,1.0,0.5078246649888988,0.8585605738496924,-0.13217599135795702,0.38676392012550775,0.05211148319708425,-0.3862574194551179
Ku_2,-0.36701895980657634,0.5078246649888988,1.0,0.2822080459801929,0.24708611527045704,0.8726869965019844,0.44796967413547184,-0.42429923411751536
CorrDim_2,-0.04587805120625294,0.8585605738496924,0.2822080459801929,1.0,0.11265115613577102,0.31606259732934067,0.24130394029692326,-0.5493283618442445
PSD_3_to_7_2,-0.4247418607595279,-0.13217599135795702,0.24708611527045704,0.11265115613577102,1.0,0.4989333578751986,0.9479214416196087,-0.37787012827782784
PSD_12_to_30_2,-0.3511990151847068,0.38676392012550775,0.8726869965019844,0.31606259732934067,0.4989333578751986,1.0,0.6278505302190086,-0.488608513867741
PSD_20_to_40_2,-0.5749044373901844,0.05211148319708425,0.44796967413547184,0.24130394029692326,0.9479214416196087,0.6278505302190086,1.0,-0.5796063707695814
levodopa_2,0.5176764965931917,-0.3862574194551179,-0.42429923411751536,-0.5493283618442445,-0.37787012827782784,-0.488608513867741,-0.5796063707695814,1.0
