,burstduration_14,burstinterval_14,Ku_14,CorrDim_14,PSD_3_to_7_14,PSD_12_to_30_14,PSD_20_to_40_14,levodopa_14
burstduration_14,1.0,-0.37257167283218207,0.4617025319487053,0.4220165169323468,-0.5716427174025457,-0.48236779565295757,-0.42501752596302256,0.6137421425524497
burstinterval_14,-0.37257167283218207,1.0,-0.617937286312024,0.2801220171361479,0.2748578428883851,0.04922882810999691,0.14316716528260337,-0.1365773374856036
Ku_14,0.4617025319487053,-0.617937286312024,1.0,-0.06833741736655961,-0.5140256894148362,-0.1105547864497391,-0.45042901662381474,0.061573634836233605
CorrDim_14,0.4220165169323468,0.2801220171361479,-0.06833741736655961,1.0,-0.03535737089736827,0.23540368063772169,0.06925908480587982,-0.059590893058219685
PSD_3_to_7_14,-0.5716427174025457,0.2748578428883851,-0.5140256894148362,-0.03535737089736827,1.0,0.48194463091647943,0.9761632231831832,-0.34384636921057843
PSD_12_to_30_14,-0.48236779565295757,0.04922882810999691,-0.1105547864497391,0.23540368063772169,0.48194463091647943,1.0,0.5008948656680794,-0.7354417183094345
PSD_20_to_40_14,-0.42501752596302256,0.14316716528260337,-0.45042901662381474,0.06925908480587982,0.9761632231831832,0.5008948656680794,1.0,-0.32372944404836573
levodopa_14,0.6137421425524497,-0.1365773374856036,0.061573634836233605,-0.059590893058219685,-0.34384636921057843,-0.7354417183094345,-0.32372944404836573,1.0
