,burstduration_5,burstinterval_5,Ku_5,CorrDim_5,PSD_3_to_7_5,PSD_12_to_30_5,PSD_20_to_40_5,levodopa_5
burstduration_5,1.0,0.7470660198943234,0.64808684026247,0.018476759741185917,-0.6341485302688568,-0.6551231437730647,-0.6772674630855547,-0.3134324855544773
burstinterval_5,0.7470660198943234,1.0,0.6428426339612013,0.36068946824358167,-0.7334503733488402,-0.7844925117954146,-0.7258431561134726,0.23289970331655713
Ku_5,0.64808684026247,0.6428426339612013,1.0,0.4981991921614758,-0.6948163487089879,-0.7892756746842107,-0.7098499795465161,-0.41530136928795325
CorrDim_5,0.018476759741185917,0.36068946824358167,0.4981991921614758,1.0,-0.6953447302325798,-0.5924003254182153,-0.6799301327562219,0.10731163870346988
PSD_3_to_7_5,-0.6341485302688568,-0.7334503733488402,-0.6948163487089879,-0.6953447302325798,1.0,0.9573440585902371,0.9955635517837588,0.1829658091117103
PSD_12_to_30_5,-0.6551231437730647,-0.7844925117954146,-0.7892756746842107,-0.5924003254182153,0.9573440585902371,1.0,0.941092358810306,0.2345861009302372
PSD_20_to_40_5,-0.6772674630855547,-0.7258431561134726,-0.7098499795465161,-0.6799301327562219,0.9955635517837588,0.941092358810306,1.0,0.21938604765042674
levodopa_5,-0.3134324855544773,0.23289970331655713,-0.41530136928795325,0.10731163870346988,0.1829658091117103,0.2345861009302372,0.21938604765042674,1.0
