,burstduration_4,burstinterval_4,Ku_4,CorrDim_4,PSD_3_to_7_4,PSD_12_to_30_4,PSD_20_to_40_4,levodopa_4
burstduration_4,1.0,-0.5907233337747513,-0.1947705656025745,-0.21849325968350947,0.3642351395141279,0.5542669084726869,0.5586394751045971,-0.4084005204665478
burstinterval_4,-0.5907233337747513,1.0,0.026710782215360548,0.06756503618036143,0.02486361544738433,-0.03582685933657556,-0.05317528586593712,-0.20023197679971616
Ku_4,-0.1947705656025745,0.026710782215360548,1.0,-0.8262933793592306,-0.5583011254776948,-0.459877158761211,-0.5289437111445403,0.042864703088196066
CorrDim_4,-0.21849325968350947,0.06756503618036143,-0.8262933793592306,1.0,0.17083776681717863,-0.025155738121336174,0.05306025199708535,0.26750960449590455
PSD_3_to_7_4,0.3642351395141279,0.02486361544738433,-0.5583011254776948,0.17083776681717863,1.0,0.9602375510345784,0.9676981819036621,0.13620449887568978
PSD_12_to_30_4,0.5542669084726869,-0.03582685933657556,-0.459877158761211,-0.025155738121336174,0.9602375510345784,1.0,0.996527429901812,-0.08605125862730048
PSD_20_to_40_4,0.5586394751045971,-0.05317528586593712,-0.5289437111445403,0.05306025199708535,0.9676981819036621,0.996527429901812,1.0,-0.0755983013812366
levodopa_4,-0.4084005204665478,-0.20023197679971616,0.042864703088196066,0.26750960449590455,0.13620449887568978,-0.08605125862730048,-0.0755983013812366,1.0
