,burstduration_12,burstinterval_12,Ku_12,CorrDim_12,PSD_3_to_7_12,PSD_12_to_30_12,PSD_20_to_40_12,levodopa_12
burstduration_12,1.0,-0.8494973291265737,0.8575130083601167,-0.6900181695691792,0.606876205699737,0.5958624070457431,0.6323387861258706,-0.11845146870094128
burstinterval_12,-0.8494973291265737,1.0,-0.7127520999897823,0.43820034788569046,-0.5610284525344182,-0.5440159118655558,-0.5725463966281613,0.006603059520916628
Ku_12,0.8575130083601167,-0.7127520999897823,1.0,-0.5157026915768492,0.8990276644275037,0.8838685627585188,0.9090285315107279,-0.038307869571026956
CorrDim_12,-0.6900181695691792,0.43820034788569046,-0.5157026915768492,1.0,-0.4479279823130958,-0.48225929276561874,-0.48260402341796976,-0.4721751300548937
PSD_3_to_7_12,0.606876205699737,-0.5610284525344182,0.8990276644275037,-0.4479279823130958,1.0,0.9982220859835258,0.9991284230894871,0.304770177531672
PSD_12_to_30_12,0.5958624070457431,-0.5440159118655558,0.8838685627585188,-0.48225929276561874,0.9982220859835258,1.0,0.9983036429267262,0.3556006113513579
PSD_20_to_40_12,0.6323387861258706,-0.5725463966281613,0.9090285315107279,-0.48260402341796976,0.9991284230894871,0.9983036429267262,1.0,0.30673197959945553
levodopa_12,-0.11845146870094128,0.006603059520916628,-0.038307869571026956,-0.4721751300548937,0.304770177531672,0.3556006113513579,0.30673197959945553,1.0
