,burstduration_15,burstinterval_15,Ku_15,CorrDim_15,PSD_3_to_7_15,PSD_12_to_30_15,PSD_20_to_40_15,levodopa_15
burstduration_15,1.0,-0.08338387530131737,-0.45575873361513675,0.27840685125102094,-0.7168748009499667,-0.4990679663678151,-0.722036706962704,0.5130648695398267
burstinterval_15,-0.08338387530131737,1.0,0.6700649337955481,-0.7869458594497885,0.2844717700704482,0.6828794395193805,0.09054387670290313,0.4422227867400013
Ku_15,-0.45575873361513675,0.6700649337955481,1.0,-0.6802886920429366,0.8179053056529677,0.99035982480245,0.6761644750952176,-0.07926204060051492
CorrDim_15,0.27840685125102094,-0.7869458594497885,-0.6802886920429366,1.0,-0.6097885711170884,-0.6610721689042165,-0.5293868005966583,0.17275063568074767
PSD_3_to_7_15,-0.7168748009499667,0.2844717700704482,0.8179053056529677,-0.6097885711170884,1.0,0.8191287570564222,0.9709122155458242,-0.6076936872730097
PSD_12_to_30_15,-0.4990679663678151,0.6828794395193805,0.99035982480245,-0.6610721689042165,0.8191287570564222,1.0,0.6644683657630106,-0.04917467009515655
PSD_20_to_40_15,-0.722036706962704,0.09054387670290313,0.6761644750952176,-0.5293868005966583,0.9709122155458242,0.6644683657630106,1.0,-0.777945144418938
levodopa_15,0.5130648695398267,0.4422227867400013,-0.07926204060051492,0.17275063568074767,-0.6076936872730097,-0.04917467009515655,-0.777945144418938,1.0
