,burstduration_8,burstinterval_8,Ku_8,CorrDim_8,PSD_3_to_7_8,PSD_12_to_30_8,PSD_20_to_40_8,levodopa_8
burstduration_8,1.0,0.09467955409214393,-0.3148942160702813,0.28851333561207326,-0.29908322953368444,-0.09792782779937068,-0.4168663540044042,0.264854574861415
burstinterval_8,0.09467955409214393,1.0,0.8322750774859299,0.20735148342775395,0.22177599836621717,-0.2713308589232886,0.3577224370832389,-0.49843974918673833
Ku_8,-0.3148942160702813,0.8322750774859299,1.0,-0.1429807720978387,0.5824036719411051,-0.0973487465195339,0.5777170095172846,-0.5947772953409519
CorrDim_8,0.28851333561207326,0.20735148342775395,-0.1429807720978387,1.0,-0.7536838768935146,-0.9190562402719851,-0.725263280029497,-0.27139510568085784
PSD_3_to_7_8,-0.29908322953368444,0.22177599836621717,0.5824036719411051,-0.7536838768935146,1.0,0.6010117428722802,0.8506843899221043,0.15204992477629994
PSD_12_to_30_8,-0.09792782779937068,-0.2713308589232886,-0.0973487465195339,-0.9190562402719851,0.6010117428722802,1.0,0.6868404791565395,0.560954501472067
PSD_20_to_40_8,-0.4168663540044042,0.3577224370832389,0.5777170095172846,-0.725263280029497,0.8506843899221043,0.6868404791565395,1.0,0.1669525435522688
levodopa_8,0.264854574861415,-0.49843974918673833,-0.5947772953409519,-0.27139510568085784,0.15204992477629994,0.560954501472067,0.1669525435522688,1.0
