,burstduration_2,burstinterval_2,Ku_2,CorrDim_2,PSD_3_to_7_2,PSD_12_to_30_2,PSD_20_to_40_2,levodopa_2
burstduration_2,1.0,-0.7741209243674836,-0.2216898007232672,0.5774737377419517,-0.48041563644151564,-0.5904701727932388,-0.571339305740901,0.4705835356665699
burstinterval_2,-0.7741209243674836,1.0,-0.18446093230527505,-0.21481018034066005,0.6520955836893153,0.26293459555859483,0.6536021279804407,0.003098021100837422
Ku_2,-0.2216898007232672,-0.18446093230527505,1.0,-0.18742804956610923,-0.4435474114204908,0.30096057665934134,-0.33263158084850053,0.06586564529738069
CorrDim_2,0.5774737377419517,-0.21481018034066005,-0.18742804956610923,1.0,0.16212374167042481,0.02854295547588982,0.1450181858407836,0.6597912859026267
PSD_3_to_7_2,-0.48041563644151564,0.6520955836893153,-0.4435474114204908,0.16212374167042481,1.0,0.35536129774272074,0.9774575237263579,-0.07007872362010009
PSD_12_to_30_2,-0.5904701727932388,0.26293459555859483,0.30096057665934134,0.02854295547588982,0.35536129774272074,1.0,0.5443035909038209,-0.4634937020040924
PSD_20_to_40_2,-0.571339305740901,0.6536021279804407,-0.33263158084850053,0.1450181858407836,0.9774575237263579,0.5443035909038209,1.0,-0.1700809942938928
levodopa_2,0.4705835356665699,0.003098021100837422,0.06586564529738069,0.6597912859026267,-0.07007872362010009,-0.4634937020040924,-0.1700809942938928,1.0
