,burstduration_6,burstinterval_6,Ku_6,CorrDim_6,PSD_3_to_7_6,PSD_12_to_30_6,PSD_20_to_40_6,levodopa_6
burstduration_6,1.0,-0.6313848460643112,0.6743586774665842,-0.18335902505869098,0.8558410386880183,0.9220719457497875,0.8538521660757304,0.28872812908458095
burstinterval_6,-0.6313848460643112,1.0,-0.035531226488388704,-0.029890594786163772,-0.6158749436136807,-0.6637981808926807,-0.6090010345883858,0.41216767062545767
Ku_6,0.6743586774665842,-0.035531226488388704,1.0,-0.2731701862800042,0.699518568962612,0.7418060189993725,0.7020983749174758,0.4632828589785492
CorrDim_6,-0.18335902505869098,-0.029890594786163772,-0.2731701862800042,1.0,0.18098557336390156,-0.01162700422448917,0.18951901534114537,-0.5456933081489092
PSD_3_to_7_6,0.8558410386880183,-0.6158749436136807,0.699518568962612,0.18098557336390156,1.0,0.9764482120724007,0.9998697790329226,-0.09324988980154607
PSD_12_to_30_6,0.9220719457497875,-0.6637981808926807,0.7418060189993725,-0.01162700422448917,0.9764482120724007,1.0,0.9750821244661528,0.02240701216598344
PSD_20_to_40_6,0.8538521660757304,-0.6090010345883858,0.7020983749174758,0.18951901534114537,0.9998697790329226,0.9750821244661528,1.0,-0.08852590774272985
levodopa_6,0.28872812908458095,0.41216767062545767,0.4632828589785492,-0.5456933081489092,-0.09324988980154607,0.02240701216598344,-0.08852590774272985,1.0
