,burstduration_3,burstinterval_3,Ku_3,CorrDim_3,PSD_3_to_7_3,PSD_12_to_30_3,PSD_20_to_40_3,levodopa_3
burstduration_3,1.0,0.43834691182034374,0.8688740992960117,0.01989278161792084,-0.5726664474174825,-0.4639570981648358,-0.575150084033028,-0.004761207525083449
burstinterval_3,0.43834691182034374,1.0,0.5246547026119672,0.20041633163211758,-0.44468129624141844,-0.5402799219069575,-0.47916388047249137,-0.1730265568829542
Ku_3,0.8688740992960117,0.5246547026119672,1.0,0.07478224545077816,-0.2128177809783284,-0.14585688542486616,-0.22241685547301893,0.3495041597848659
CorrDim_3,0.01989278161792084,0.20041633163211758,0.07478224545077816,1.0,-0.4125218174066051,-0.46793051039413747,-0.40206248292071634,0.3928636845612287
PSD_3_to_7_3,-0.5726664474174825,-0.44468129624141844,-0.2128177809783284,-0.4125218174066051,1.0,0.9727703218167314,0.9990319293554963,0.4584381730282141
PSD_12_to_30_3,-0.4639570981648358,-0.5402799219069575,-0.14585688542486616,-0.46793051039413747,0.9727703218167314,1.0,0.9787231900788749,0.4286269390756163
PSD_20_to_40_3,-0.575150084033028,-0.47916388047249137,-0.22241685547301893,-0.40206248292071634,0.9990319293554963,0.9787231900788749,1.0,0.4657864453856165
levodopa_3,-0.004761207525083449,-0.1730265568829542,0.3495041597848659,0.3928636845612287,0.4584381730282141,0.4286269390756163,0.4657864453856165,1.0
