,burstduration_10,burstinterval_10,Ku_10,CorrDim_10,PSD_3_to_7_10,PSD_12_to_30_10,PSD_20_to_40_10,levodopa_10
burstduration_10,1.0,0.0294926734757763,-0.5581752671252993,-0.17052420459676204,-0.29896128917179915,-0.33391721893744475,-0.33946629275286344,0.03140935818694542
burstinterval_10,0.0294926734757763,1.0,0.0701408691231968,0.03176077773785301,0.7749549879664166,0.7536977675520081,0.7896003263473297,-0.5836423148667362
Ku_10,-0.5581752671252993,0.0701408691231968,1.0,0.39501993449673595,0.538653988089839,0.700607265829461,0.5252621971418883,-0.47235149274076904
CorrDim_10,-0.17052420459676204,0.03176077773785301,0.39501993449673595,1.0,0.4010350226833918,0.27900310077305285,0.4268386588480917,-0.23032015315267068
PSD_3_to_7_10,-0.29896128917179915,0.7749549879664166,0.538653988089839,0.4010350226833918,1.0,0.9330776627788988,0.9956154402280484,-0.8758583041857108
PSD_12_to_30_10,-0.33391721893744475,0.7536977675520081,0.700607265829461,0.27900310077305285,0.9330776627788988,1.0,0.9281791114610297,-0.788219009435177
PSD_20_to_40_10,-0.33946629275286344,0.7896003263473297,0.5252621971418883,0.4268386588480917,0.9956154402280484,0.9281791114610297,1.0,-0.8277137345063219
levodopa_10,0.03140935818694542,-0.5836423148667362,-0.47235149274076904,-0.23032015315267068,-0.8758583041857108,-0.788219009435177,-0.8277137345063219,1.0
