,burstduration_6,burstinterval_6,Ku_6,CorrDim_6,PSD_3_to_7_6,PSD_12_to_30_6,PSD_20_to_40_6,levodopa_6
burstduration_6,1.0,-0.01974611514195957,0.018659237580394346,-0.5377853799415165,0.16596796026241759,0.1301502239884097,0.2099631129349679,0.17783800024409152
burstinterval_6,-0.01974611514195957,1.0,0.17088889441376004,0.41993058314840725,-0.11515246246339123,-0.15767392675680786,-0.07801144121212085,0.7082630965733245
Ku_6,0.018659237580394346,0.17088889441376004,1.0,0.15209230236530605,0.4337659028971376,0.41203199488676856,0.42160221828922817,0.28105312810597677
CorrDim_6,-0.5377853799415165,0.41993058314840725,0.15209230236530605,1.0,0.1487443504513035,0.19013620478536702,0.09834624299662297,0.12864915046351003
PSD_3_to_7_6,0.16596796026241759,-0.11515246246339123,0.4337659028971376,0.1487443504513035,1.0,0.9936820358994646,0.9945671392951466,-0.1209744502660773
PSD_12_to_30_6,0.1301502239884097,-0.15767392675680786,0.41203199488676856,0.19013620478536702,0.9936820358994646,1.0,0.9778611354774895,-0.1639718930668088
PSD_20_to_40_6,0.2099631129349679,-0.07801144121212085,0.42160221828922817,0.09834624299662297,0.9945671392951466,0.9778611354774895,1.0,-0.10478356819304023
levodopa_6,0.17783800024409152,0.7082630965733245,0.28105312810597677,0.12864915046351003,-0.1209744502660773,-0.1639718930668088,-0.10478356819304023,1.0
