,burstduration_10,burstinterval_10,Ku_10,CorrDim_10,PSD_3_to_7_10,PSD_12_to_30_10,PSD_20_to_40_10,levodopa_10
burstduration_10,1.0,0.248825197932063,0.97580715011026,-0.3260744168553935,0.687671265921842,0.7706267837626429,0.6675107746895748,-0.7565813994649107
burstinterval_10,0.248825197932063,1.0,0.3516662235580749,0.3002001648998586,-0.13102667581958247,-0.10793806001748495,-0.07774582097554752,0.0756151844594628
Ku_10,0.97580715011026,0.3516662235580749,1.0,-0.40479486921002555,0.6977221591086613,0.7127284529714428,0.6860023680691645,-0.6932091751711922
CorrDim_10,-0.3260744168553935,0.3002001648998586,-0.40479486921002555,1.0,-0.8332546861342098,-0.6349960663025925,-0.8281005272071591,0.5941128131639688
PSD_3_to_7_10,0.687671265921842,-0.13102667581958247,0.6977221591086613,-0.8332546861342098,1.0,0.8926198303827414,0.9967887604569718,-0.8633060705093945
PSD_12_to_30_10,0.7706267837626429,-0.10793806001748495,0.7127284529714428,-0.6349960663025925,0.8926198303827414,1.0,0.8801984682831088,-0.997010370603784
PSD_20_to_40_10,0.6675107746895748,-0.07774582097554752,0.6860023680691645,-0.8281005272071591,0.9967887604569718,0.8801984682831088,1.0,-0.8536687050500592
levodopa_10,-0.7565813994649107,0.0756151844594628,-0.6932091751711922,0.5941128131639688,-0.8633060705093945,-0.997010370603784,-0.8536687050500592,1.0
