,burstduration_7,burstinterval_7,Ku_7,CorrDim_7,PSD_3_to_7_7,PSD_12_to_30_7,PSD_20_to_40_7,levodopa_7
burstduration_7,1.0,-0.5239601178612009,-0.07559302835452897,-0.44483977390029605,0.6823571923356716,0.7339349061465769,0.8383905250437964,-0.6176268769515916
burstinterval_7,-0.5239601178612009,1.0,-0.29368705890172664,-0.3877526010143188,-0.03404166768358426,-0.2703101701587853,-0.3036089355285048,0.6591392627354173
Ku_7,-0.07559302835452897,-0.29368705890172664,1.0,0.48495886383548426,-0.6571293873507025,0.24322680979609582,-0.5220649457559057,0.13230414800874166
CorrDim_7,-0.44483977390029605,-0.3877526010143188,0.48495886383548426,1.0,-0.6880057346126133,-0.09067413700539387,-0.5369136636440461,-0.13768077702840328
PSD_3_to_7_7,0.6823571923356716,-0.03404166768358426,-0.6571293873507025,-0.6880057346126133,1.0,0.3635973819873484,0.9524545144617842,-0.19464155173937786
PSD_12_to_30_7,0.7339349061465769,-0.2703101701587853,0.24322680979609582,-0.09067413700539387,0.3635973819873484,1.0,0.5216254385436143,-0.46160603616289614
PSD_20_to_40_7,0.8383905250437964,-0.3036089355285048,-0.5220649457559057,-0.5369136636440461,0.9524545144617842,0.5216254385436143,1.0,-0.44219641039401814
levodopa_7,-0.6176268769515916,0.6591392627354173,0.13230414800874166,-0.13768077702840328,-0.19464155173937786,-0.46160603616289614,-0.44219641039401814,1.0
