,burstduration_14,burstinterval_14,Ku_14,CorrDim_14,PSD_3_to_7_14,PSD_12_to_30_14,PSD_20_to_40_14,levodopa_14
burstduration_14,1.0,0.726338365223303,0.11692002030888633,0.04521871549271259,0.006337112417714778,-0.2195107699781015,-0.00116964338349914,0.007074109997781698
burstinterval_14,0.726338365223303,1.0,-0.2603705037103775,0.4356503103792462,0.14376660725106563,-0.08560068188143476,0.17847242659166684,0.3755913381861103
Ku_14,0.11692002030888633,-0.2603705037103775,1.0,-0.8429902466470809,-0.2924927272419397,-0.43808254503377403,-0.28434786737153545,-0.9420614574208827
CorrDim_14,0.04521871549271259,0.4356503103792462,-0.8429902466470809,1.0,-0.10952469097581453,-0.05297619679150457,-0.10439039482227802,0.9347903286276167
PSD_3_to_7_14,0.006337112417714778,0.14376660725106563,-0.2924927272419397,-0.10952469097581453,1.0,0.9383184256887553,0.9972339033809695,-0.006481496644769736
PSD_12_to_30_14,-0.2195107699781015,-0.08560068188143476,-0.43808254503377403,-0.05297619679150457,0.9383184256887553,1.0,0.9241529103244996,0.12431156307491087
PSD_20_to_40_14,-0.00116964338349914,0.17847242659166684,-0.28434786737153545,-0.10439039482227802,0.9972339033809695,0.9241529103244996,1.0,-0.008573688256331374
levodopa_14,0.007074109997781698,0.3755913381861103,-0.9420614574208827,0.9347903286276167,-0.006481496644769736,0.12431156307491087,-0.008573688256331374,1.0
