,burstduration_3,burstinterval_3,Ku_3,CorrDim_3,PSD_3_to_7_3,PSD_12_to_30_3,PSD_20_to_40_3,levodopa_3
burstduration_3,1.0,-0.02317849783924619,0.6786308723960744,-0.5448097327375382,0.6699741853337684,-0.8633256223078176,0.6481788909942835,-0.05318476973335861
burstinterval_3,-0.02317849783924619,1.0,-0.16852605600150472,-0.7121961258727765,-0.46404258317280594,-0.4824473144866386,-0.4126209031017006,-0.21479687204579306
Ku_3,0.6786308723960744,-0.16852605600150472,1.0,-0.4642675354924209,0.6415858367470358,-0.5192724989917163,0.7611431405280588,-0.6100635845787715
CorrDim_3,-0.5448097327375382,-0.7121961258727765,-0.4642675354924209,1.0,-0.04544062291608472,0.8393517270228568,-0.13377423015858195,0.5728242384007706
PSD_3_to_7_3,0.6699741853337684,-0.46404258317280594,0.6415858367470358,-0.04544062291608472,1.0,-0.37886607508704223,0.9783412466582817,-0.08292748773302672
PSD_12_to_30_3,-0.8633256223078176,-0.4824473144866386,-0.5192724989917163,0.8393517270228568,-0.37886607508704223,1.0,-0.3874103230518378,0.17268030462695286
PSD_20_to_40_3,0.6481788909942835,-0.4126209031017006,0.7611431405280588,-0.13377423015858195,0.9783412466582817,-0.3874103230518378,1.0,-0.26706989961454486
levodopa_3,-0.05318476973335861,-0.21479687204579306,-0.6100635845787715,0.5728242384007706,-0.08292748773302672,0.17268030462695286,-0.26706989961454486,1.0
