,burstduration_9,burstinterval_9,Ku_9,CorrDim_9,PSD_3_to_7_9,PSD_12_to_30_9,PSD_20_to_40_9,levodopa_9
burstduration_9,1.0,0.02384224232428719,-0.25226297595151637,-0.3387808923175731,-0.2804443496399283,-0.19201331005674363,-0.38265054659746384,-0.7651217616269278
burstinterval_9,0.02384224232428719,1.0,0.6196407420471901,0.549139114396899,-0.4628364790754574,-0.4807702363572521,-0.49571070067346545,0.3628490747195315
Ku_9,-0.25226297595151637,0.6196407420471901,1.0,0.17344840858906305,0.24068263415190605,0.22062198518217083,0.23116112105330788,0.8091633687297466
CorrDim_9,-0.3387808923175731,0.549139114396899,0.17344840858906305,1.0,-0.7355202764591289,-0.7703678879197329,-0.6664565052140011,0.30645015896371663
PSD_3_to_7_9,-0.2804443496399283,-0.4628364790754574,0.24068263415190605,-0.7355202764591289,1.0,0.9946990246584034,0.9918972461394338,0.3258302420964782
PSD_12_to_30_9,-0.19201331005674363,-0.4807702363572521,0.22062198518217083,-0.7703678879197329,0.9946990246584034,1.0,0.978598060492947,0.25792106024936734
PSD_20_to_40_9,-0.38265054659746384,-0.49571070067346545,0.23116112105330788,-0.6664565052140011,0.9918972461394338,0.978598060492947,1.0,0.3835680972551725
levodopa_9,-0.7651217616269278,0.3628490747195315,0.8091633687297466,0.30645015896371663,0.3258302420964782,0.25792106024936734,0.3835680972551725,1.0
