,burstduration_11,burstinterval_11,Ku_11,CorrDim_11,PSD_3_to_7_11,PSD_12_to_30_11,PSD_20_to_40_11,levodopa_11
burstduration_11,1.0,0.9564207360480539,-0.6076509280551446,-0.7272095015368817,0.4574031207215454,-0.31128699819003675,0.4277526579157136,-0.09193266802268595
burstinterval_11,0.9564207360480539,1.0,-0.5399070310124379,-0.853027787701505,0.4231800820344986,-0.32432418956355,0.380586876185252,-0.03192679836755521
Ku_11,-0.6076509280551446,-0.5399070310124379,1.0,0.21019429391062408,-0.8633782936695884,-0.39041625210567293,-0.8102059581996324,-0.17605849017868366
CorrDim_11,-0.7272095015368817,-0.853027787701505,0.21019429391062408,1.0,-0.21261859066333805,0.35478932010438236,-0.18648427521511077,0.11685570923229134
PSD_3_to_7_11,0.4574031207215454,0.4231800820344986,-0.8633782936695884,-0.21261859066333805,1.0,0.6966875324948895,0.9929096447848013,0.5774894571849521
PSD_12_to_30_11,-0.31128699819003675,-0.32432418956355,-0.39041625210567293,0.35478932010438236,0.6966875324948895,1.0,0.725732473469666,0.7286701840889438
PSD_20_to_40_11,0.4277526579157136,0.380586876185252,-0.8102059581996324,-0.18648427521511077,0.9929096447848013,0.725732473469666,1.0,0.6214370931596146
levodopa_11,-0.09193266802268595,-0.03192679836755521,-0.17605849017868366,0.11685570923229134,0.5774894571849521,0.7286701840889438,0.6214370931596146,1.0
