,burstduration_12,burstinterval_12,Ku_12,CorrDim_12,PSD_3_to_7_12,PSD_12_to_30_12,PSD_20_to_40_12,levodopa_12
burstduration_12,1.0,-0.4710391593222184,-0.12651530787878187,-0.4607299152847358,0.03993497477287568,0.0610511754472281,0.05925302977156034,-0.043041479816002405
burstinterval_12,-0.4710391593222184,1.0,-0.5031483586904028,0.20273531727064584,-0.08042029057031383,-0.048927495201964155,-0.08625247236464287,-0.2361185305747981
Ku_12,-0.12651530787878187,-0.5031483586904028,1.0,0.23419510953273773,0.5023039292997918,0.5128515957049917,0.5156042453283789,0.1925248267552899
CorrDim_12,-0.4607299152847358,0.20273531727064584,0.23419510953273773,1.0,-0.16785583105467497,-0.10321374320961862,-0.166011207769964,0.2290356110348007
PSD_3_to_7_12,0.03993497477287568,-0.08042029057031383,0.5023039292997918,-0.16785583105467497,1.0,0.9809346449998704,0.9989512282299348,0.497028814298787
PSD_12_to_30_12,0.0610511754472281,-0.048927495201964155,0.5128515957049917,-0.10321374320961862,0.9809346449998704,1.0,0.9860576905004887,0.4516194263513495
PSD_20_to_40_12,0.05925302977156034,-0.08625247236464287,0.5156042453283789,-0.166011207769964,0.9989512282299348,0.9860576905004887,1.0,0.4700957682575639
levodopa_12,-0.043041479816002405,-0.2361185305747981,0.1925248267552899,0.2290356110348007,0.497028814298787,0.4516194263513495,0.4700957682575639,1.0
