,burstduration_7,burstinterval_7,Ku_7,CorrDim_7,PSD_3_to_7_7,PSD_12_to_30_7,PSD_20_to_40_7,levodopa_7
burstduration_7,1.0,0.10510106433613955,0.5846742965094971,0.3877489699587226,0.012311096810831855,-0.20735981296008746,-0.052459912280112285,0.11183577252370822
burstinterval_7,0.10510106433613955,1.0,0.5615954085035251,-0.36701441969165316,-0.17438587772990816,-0.21537894716905312,-0.21949915295067982,0.4180991594183994
Ku_7,0.5846742965094971,0.5615954085035251,1.0,-0.3568812961197102,0.02628126146571206,0.06327889260134786,0.0683455777504747,0.07629217067513899
CorrDim_7,0.3877489699587226,-0.36701441969165316,-0.3568812961197102,1.0,0.08597266729203339,-0.23547852561075316,-0.06978927864165825,0.2411853713504643
PSD_3_to_7_7,0.012311096810831855,-0.17438587772990816,0.02628126146571206,0.08597266729203339,1.0,0.9028391024300668,0.9675787484768489,0.267951410408469
PSD_12_to_30_7,-0.20735981296008746,-0.21537894716905312,0.06327889260134786,-0.23547852561075316,0.9028391024300668,1.0,0.9388624408374112,-0.053964172830453135
PSD_20_to_40_7,-0.052459912280112285,-0.21949915295067982,0.0683455777504747,-0.06978927864165825,0.9675787484768489,0.9388624408374112,1.0,0.22712175193873152
levodopa_7,0.11183577252370822,0.4180991594183994,0.07629217067513899,0.2411853713504643,0.267951410408469,-0.053964172830453135,0.22712175193873152,1.0
