,burstduration_16,burstinterval_16,Ku_16,CorrDim_16,PSD_3_to_7_16,PSD_12_to_30_16,PSD_20_to_40_16,levodopa_16
burstduration_16,1.0,-0.4643267074987198,-0.3521718762740883,0.19093190306535657,0.29836631797749047,0.42975327102392297,0.14034834918850755,-0.026063267022249672
burstinterval_16,-0.4643267074987198,1.0,-0.05300549781046144,0.23400656597842273,-0.5351978163409796,0.2811815797106719,-0.3215335131249991,0.31972441324592765
Ku_16,-0.3521718762740883,-0.05300549781046144,1.0,-0.12082659026664559,0.46885205768253624,0.09450665196170774,0.6676437172485099,0.35272066839565996
CorrDim_16,0.19093190306535657,0.23400656597842273,-0.12082659026664559,1.0,-0.6772109102845603,-0.20568697527671498,-0.5939547519448629,0.25157042872370344
PSD_3_to_7_16,0.29836631797749047,-0.5351978163409796,0.46885205768253624,-0.6772109102845603,1.0,0.4902806259250396,0.9532522346331009,-0.12441246785476663
PSD_12_to_30_16,0.42975327102392297,0.2811815797106719,0.09450665196170774,-0.20568697527671498,0.4902806259250396,1.0,0.5662771404171504,0.14619623141654578
PSD_20_to_40_16,0.14034834918850755,-0.3215335131249991,0.6676437172485099,-0.5939547519448629,0.9532522346331009,0.5662771404171504,1.0,0.02672919561331357
levodopa_16,-0.026063267022249672,0.31972441324592765,0.35272066839565996,0.25157042872370344,-0.12441246785476663,0.14619623141654578,0.02672919561331357,1.0
