,burstduration_9,burstinterval_9,Ku_9,CorrDim_9,PSD_3_to_7_9,PSD_12_to_30_9,PSD_20_to_40_9,levodopa_9
burstduration_9,1.0,-0.013175156909493049,-0.34535084843011626,-0.09175840253973651,0.9081559382134455,0.8705046333823444,0.8302240872117188,0.26228301153610123
burstinterval_9,-0.013175156909493049,1.0,-0.602989346170307,0.7868360333524237,0.2981477040339293,-0.28263942400699327,0.3122789122704949,0.6562231093733508
Ku_9,-0.34535084843011626,-0.602989346170307,1.0,-0.8095090489060774,-0.5351518402781074,-0.2018983029816226,-0.5601712696029383,-0.8887934369057388
CorrDim_9,-0.09175840253973651,0.7868360333524237,-0.8095090489060774,1.0,0.2781414105499759,-0.10996383759523681,0.38253997252472605,0.9239799041680082
PSD_3_to_7_9,0.9081559382134455,0.2981477040339293,-0.5351518402781074,0.2781414105499759,1.0,0.821711261803074,0.9815696461698061,0.5885351623605415
PSD_12_to_30_9,0.8705046333823444,-0.28263942400699327,-0.2018983029816226,-0.10996383759523681,0.821711261803074,1.0,0.8215512998098763,0.2738958331262487
PSD_20_to_40_9,0.8302240872117188,0.3122789122704949,-0.5601712696029383,0.38253997252472605,0.9815696461698061,0.8215512998098763,1.0,0.6817928752329511
levodopa_9,0.26228301153610123,0.6562231093733508,-0.8887934369057388,0.9239799041680082,0.5885351623605415,0.2738958331262487,0.6817928752329511,1.0
