,burstduration_11,burstinterval_11,Ku_11,CorrDim_11,PSD_3_to_7_11,PSD_12_to_30_11,PSD_20_to_40_11,levodopa_11
burstduration_11,1.0,-0.9515072196035758,-0.22701727675919275,-0.21092100618789641,0.22603453058479353,0.5629603404968249,0.07451466453487844,0.46222738391437085
burstinterval_11,-0.9515072196035758,1.0,0.3897507969912737,0.06516802562874877,-0.04445843774770536,-0.34819205597171154,0.028074026846992103,-0.6378623874011685
Ku_11,-0.22701727675919275,0.3897507969912737,1.0,-0.8915684462026219,-0.3018676795253577,-0.22110138498444376,-0.4129890277569884,-0.5232468747210433
CorrDim_11,-0.21092100618789641,0.06516802562874877,-0.8915684462026219,1.0,0.304095172407096,0.08744517572319864,0.4399379467235962,0.20930545128403333
PSD_3_to_7_11,0.22603453058479353,-0.04445843774770536,-0.3018676795253577,0.304095172407096,1.0,0.8893799279002105,0.9345125198026213,0.02014622371380586
PSD_12_to_30_11,0.5629603404968249,-0.34819205597171154,-0.22110138498444376,0.08744517572319864,0.8893799279002105,1.0,0.6921263971676479,-0.041068435845061736
PSD_20_to_40_11,0.07451466453487844,0.028074026846992103,-0.4129890277569884,0.4399379467235962,0.9345125198026213,0.6921263971676479,1.0,0.241362567993109
levodopa_11,0.46222738391437085,-0.6378623874011685,-0.5232468747210433,0.20930545128403333,0.02014622371380586,-0.041068435845061736,0.241362567993109,1.0
