,burstduration_11,burstinterval_11,Ku_11,CorrDim_11,PSD_3_to_7_11,PSD_12_to_30_11,PSD_20_to_40_11,levodopa_11
burstduration_11,1.0,0.25108356102796964,-0.592071995557702,0.6834617055160896,-0.43711156839450466,-0.571097421105789,-0.4473732355522438,-0.13901362852074575
burstinterval_11,0.25108356102796964,1.0,-0.16998020807982198,0.38331225564604005,-0.5713737024478259,-0.42319399381795825,-0.5449108609389849,-0.4993103521524451
Ku_11,-0.592071995557702,-0.16998020807982198,1.0,-0.6064276222883885,0.7016331221358625,0.9234935210234451,0.7288710911192992,0.023637152811529703
CorrDim_11,0.6834617055160896,0.38331225564604005,-0.6064276222883885,1.0,-0.5171454024333382,-0.6282268937860689,-0.46033525786381047,-0.05464255377906581
PSD_3_to_7_11,-0.43711156839450466,-0.5713737024478259,0.7016331221358625,-0.5171454024333382,1.0,0.8814219280034674,0.9881422971352379,0.6135869855250418
PSD_12_to_30_11,-0.571097421105789,-0.42319399381795825,0.9234935210234451,-0.6282268937860689,0.8814219280034674,1.0,0.8781908463555994,0.3691631473629241
PSD_20_to_40_11,-0.4473732355522438,-0.5449108609389849,0.7288710911192992,-0.46033525786381047,0.9881422971352379,0.8781908463555994,1.0,0.5718666101283829
levodopa_11,-0.13901362852074575,-0.4993103521524451,0.023637152811529703,-0.05464255377906581,0.6135869855250418,0.3691631473629241,0.5718666101283829,1.0
