,burstduration_15,burstinterval_15,Ku_15,CorrDim_15,PSD_3_to_7_15,PSD_12_to_30_15,PSD_20_to_40_15,levodopa_15
burstduration_15,1.0,0.1692017566993711,0.022402282738609298,0.6672290134916138,0.2667560750547448,0.4456703207233252,0.18640014221196569,-0.23614407753533373
burstinterval_15,0.1692017566993711,1.0,0.53380720223179,0.14612400050453414,0.36066017316640336,0.4982330295552568,0.31309557101650753,-0.27202221661750065
Ku_15,0.022402282738609298,0.53380720223179,1.0,-0.29675569507836524,0.8825856651084263,0.8214445326934003,0.9156354531350109,-0.8693275948538595
CorrDim_15,0.6672290134916138,0.14612400050453414,-0.29675569507836524,1.0,-0.013620792336127271,0.17016906693118034,-0.1327348911476083,0.04744604240744988
PSD_3_to_7_15,0.2667560750547448,0.36066017316640336,0.8825856651084263,-0.013620792336127271,1.0,0.9609389679543251,0.986292445493076,-0.965200227006474
PSD_12_to_30_15,0.4456703207233252,0.4982330295552568,0.8214445326934003,0.17016906693118034,0.9609389679543251,1.0,0.9151811975690648,-0.8818860077064645
PSD_20_to_40_15,0.18640014221196569,0.31309557101650753,0.9156354531350109,-0.1327348911476083,0.986292445493076,0.9151811975690648,1.0,-0.9722730236745636
levodopa_15,-0.23614407753533373,-0.27202221661750065,-0.8693275948538595,0.04744604240744988,-0.965200227006474,-0.8818860077064645,-0.9722730236745636,1.0
