,burstduration_13,burstinterval_13,Ku_13,CorrDim_13,PSD_3_to_7_13,PSD_12_to_30_13,PSD_20_to_40_13,levodopa_13
burstduration_13,1.0,-0.5177317166715449,-0.26157755688320034,0.07850771158533425,-0.4324926889230968,-0.547787405293573,-0.369651234199093,0.25298257948520314
burstinterval_13,-0.5177317166715449,1.0,0.5428499409652354,-0.5625892429536236,0.2556000329514584,0.2978723474596097,0.22150441561495937,0.5186751733502856
Ku_13,-0.26157755688320034,0.5428499409652354,1.0,-0.9243226953063689,-0.4415120502111793,-0.4296072972079044,-0.46404219062508734,-0.14326620618090005
CorrDim_13,0.07850771158533425,-0.5625892429536236,-0.9243226953063689,1.0,0.4149398134718097,0.4418258633177233,0.41778949935727056,-0.00325569423926596
PSD_3_to_7_13,-0.4324926889230968,0.2556000329514584,-0.4415120502111793,0.4149398134718097,1.0,0.9851955658686126,0.9971929616109112,0.1303937889664429
PSD_12_to_30_13,-0.547787405293573,0.2978723474596097,-0.4296072972079044,0.4418258633177233,0.9851955658686126,1.0,0.97034921482406,0.12649106459165257
PSD_20_to_40_13,-0.369651234199093,0.22150441561495937,-0.46404219062508734,0.41778949935727056,0.9971929616109112,0.97034921482406,1.0,0.1363267638203501
levodopa_13,0.25298257948520314,0.5186751733502856,-0.14326620618090005,-0.00325569423926596,0.1303937889664429,0.12649106459165257,0.1363267638203501,1.0
