,burstduration_7,burstinterval_7,Ku_7,CorrDim_7,PSD_3_to_7_7,PSD_12_to_30_7,PSD_20_to_40_7,levodopa_7
burstduration_7,1.0,-0.37148820477779315,0.25904714820751334,0.17439404354765026,0.23747274989588257,0.03226167021314459,0.40003681939603386,-0.4828476139253866
burstinterval_7,-0.37148820477779315,1.0,-0.3849678148598222,-0.013272672083753871,-0.9293935105506705,-0.3541284826298729,-0.9927052336710891,-0.24572262023593308
Ku_7,0.25904714820751334,-0.3849678148598222,1.0,0.8049014824692495,0.3133490524634162,-0.2912645322502387,0.4094626314537763,-0.31508044725298456
CorrDim_7,0.17439404354765026,-0.013272672083753871,0.8049014824692495,1.0,-0.12415407231507901,-0.5566569909027784,0.0242687635985637,-0.22682181242061356
PSD_3_to_7_7,0.23747274989588257,-0.9293935105506705,0.3133490524634162,-0.12415407231507901,1.0,0.6369282523613754,0.95623443502684,0.4011151986211427
PSD_12_to_30_7,0.03226167021314459,-0.3541284826298729,-0.2912645322502387,-0.5566569909027784,0.6369282523613754,1.0,0.42767237285666776,0.5862068420930422
PSD_20_to_40_7,0.40003681939603386,-0.9927052336710891,0.4094626314537763,0.0242687635985637,0.95623443502684,0.42767237285666776,1.0,0.257580065318519
levodopa_7,-0.4828476139253866,-0.24572262023593308,-0.31508044725298456,-0.22682181242061356,0.4011151986211427,0.5862068420930422,0.257580065318519,1.0
