,burstduration_8,burstinterval_8,Ku_8,CorrDim_8,PSD_3_to_7_8,PSD_12_to_30_8,PSD_20_to_40_8,levodopa_8
burstduration_8,1.0,-0.11071009673204218,-0.33874601184730113,-0.1574943672720847,-0.319511305432613,-0.26113124130224435,-0.35830937809991786,0.4764944624753844
burstinterval_8,-0.11071009673204218,1.0,-0.2860305849964175,-0.24942166017716794,0.08425030053967406,-0.0703127502716033,0.10974551466685246,-0.5040141016319121
Ku_8,-0.33874601184730113,-0.2860305849964175,1.0,-0.023886899729755003,-0.4025079195366457,-0.2689569516722951,-0.40501166839597685,0.25045504576327676
CorrDim_8,-0.1574943672720847,-0.24942166017716794,-0.023886899729755003,1.0,-0.292632047980385,-0.4456314490600086,-0.2625253559691999,-0.12336116813791283
PSD_3_to_7_8,-0.319511305432613,0.08425030053967406,-0.4025079195366457,-0.292632047980385,1.0,0.9643001656396213,0.9984644354962197,0.12532885339509603
PSD_12_to_30_8,-0.26113124130224435,-0.0703127502716033,-0.2689569516722951,-0.4456314490600086,0.9643001656396213,1.0,0.9513912671289166,0.2505595835418792
PSD_20_to_40_8,-0.35830937809991786,0.10974551466685246,-0.40501166839597685,-0.2625253559691999,0.9984644354962197,0.9513912671289166,1.0,0.08314271937387958
levodopa_8,0.4764944624753844,-0.5040141016319121,0.25045504576327676,-0.12336116813791283,0.12532885339509603,0.2505595835418792,0.08314271937387958,1.0
