,burstduration_4,burstinterval_4,Ku_4,CorrDim_4,PSD_3_to_7_4,PSD_12_to_30_4,PSD_20_to_40_4,levodopa_4
burstduration_4,1.0,-0.6649420900370425,-0.2956697864320863,0.4248716255704117,-0.10179829946893144,0.9598802496417852,-0.12920713105460077,0.1303176579301352
burstinterval_4,-0.6649420900370425,1.0,0.4598607424631278,-0.5319158693525842,0.26167850104665785,-0.5687813355303631,0.2732151945898785,-0.6402882099833764
Ku_4,-0.2956697864320863,0.4598607424631278,1.0,-0.3344230585564664,0.9574741886479964,-0.11611814366657547,0.9620056337651722,0.18279362877206462
CorrDim_4,0.4248716255704117,-0.5319158693525842,-0.3344230585564664,1.0,-0.3557199703541099,0.45248553699184485,-0.38997101656514066,0.21498806632997924
PSD_3_to_7_4,-0.10179829946893144,0.26167850104665785,0.9574741886479964,-0.3557199703541099,1.0,0.0731160693204739,0.9957366179596612,0.3524684528355853
PSD_12_to_30_4,0.9598802496417852,-0.5687813355303631,-0.11611814366657547,0.45248553699184485,0.0731160693204739,1.0,0.027186109615879,0.20360400561631903
PSD_20_to_40_4,-0.12920713105460077,0.2732151945898785,0.9620056337651722,-0.38997101656514066,0.9957366179596612,0.027186109615879,1.0,0.3260834474029762
levodopa_4,0.1303176579301352,-0.6402882099833764,0.18279362877206462,0.21498806632997924,0.3524684528355853,0.20360400561631903,0.3260834474029762,1.0
