,burstduration_5,burstinterval_5,Ku_5,CorrDim_5,PSD_3_to_7_5,PSD_12_to_30_5,PSD_20_to_40_5,levodopa_5
burstduration_5,1.0,0.22833501602721842,-0.297687950663991,0.6170809191803016,-0.1277216755298682,-0.14467487675162088,-0.1263772583149527,-0.7907195509383719
burstinterval_5,0.22833501602721842,1.0,0.3431018462955814,-0.12594519636948368,-0.9235063814626673,-0.8913386078125932,-0.9356916035561719,-0.5012964138693468
Ku_5,-0.297687950663991,0.3431018462955814,1.0,-0.9299550243246869,-0.5930485922550679,-0.5463593677910221,-0.6125133936464598,0.5289590253038798
CorrDim_5,0.6170809191803016,-0.12594519636948368,-0.9299550243246869,1.0,0.37187989429477913,0.3235156184756001,0.3913635760409365,-0.7741727183156718
PSD_3_to_7_5,-0.1277216755298682,-0.9235063814626673,-0.5930485922550679,0.37187989429477913,1.0,0.9905682782057927,0.9965431364663294,0.2854393428881442
PSD_12_to_30_5,-0.14467487675162088,-0.8913386078125932,-0.5463593677910221,0.3235156184756001,0.9905682782057927,1.0,0.9758470079518399,0.31530132388946364
PSD_20_to_40_5,-0.1263772583149527,-0.9356916035561719,-0.6125133936464598,0.3913635760409365,0.9965431364663294,0.9758470079518399,1.0,0.2721508785066518
levodopa_5,-0.7907195509383719,-0.5012964138693468,0.5289590253038798,-0.7741727183156718,0.2854393428881442,0.31530132388946364,0.2721508785066518,1.0
