,burstduration_16,burstinterval_16,Ku_16,CorrDim_16,PSD_3_to_7_16,PSD_12_to_30_16,PSD_20_to_40_16,levodopa_16
burstduration_16,1.0,0.14193435032037707,-0.4686641481863628,0.7337629890265687,-0.3015913168713214,-0.689860693445876,-0.0928236678082978,-0.28072883307272606
burstinterval_16,0.14193435032037707,1.0,-0.12503984490668096,0.24817522860443417,-0.08651758474555625,-0.21380757349604096,0.11484776382166241,-0.7489314591142912
Ku_16,-0.4686641481863628,-0.12503984490668096,1.0,-0.3514833492251212,0.43801940629198904,0.6567926493906004,0.2992299771433581,0.36238186220967594
CorrDim_16,0.7337629890265687,0.24817522860443417,-0.3514833492251212,1.0,0.11551175790843542,-0.3338257830683442,0.25036611851915663,-0.6644131675400253
PSD_3_to_7_16,-0.3015913168713214,-0.08651758474555625,0.43801940629198904,0.11551175790843542,1.0,0.7795529674339453,0.9124728252846438,0.05996385252103544
PSD_12_to_30_16,-0.689860693445876,-0.21380757349604096,0.6567926493906004,-0.3338257830683442,0.7795529674339453,1.0,0.5065462533312223,0.32229136102139494
PSD_20_to_40_16,-0.0928236678082978,0.11484776382166241,0.2992299771433581,0.25036611851915663,0.9124728252846438,0.5065462533312223,1.0,-0.12916166172700477
levodopa_16,-0.28072883307272606,-0.7489314591142912,0.36238186220967594,-0.6644131675400253,0.05996385252103544,0.32229136102139494,-0.12916166172700477,1.0
