,burstduration_7,burstinterval_7,Ku_7,CorrDim_7,PSD_3_to_7_7,PSD_12_to_30_7,PSD_20_to_40_7,levodopa_7
burstduration_7,1.0,0.8197627921388234,0.7916683412293596,0.8400162699838013,-0.0811789510066695,-0.11641125589689177,-0.027947058010673015,-0.024656039384739474
burstinterval_7,0.8197627921388234,1.0,0.6270576141915503,0.7003934458087605,0.45234447808637734,0.33146859225025205,0.5204997296386588,-0.18663012768520643
Ku_7,0.7916683412293596,0.6270576141915503,1.0,0.7420877450816097,-0.35069864459221023,-0.5194644402507557,-0.24613649130457874,-0.26648435314151514
CorrDim_7,0.8400162699838013,0.7003934458087605,0.7420877450816097,1.0,-0.07849014257724844,-0.1953461381293919,-0.009314307922923613,-0.5327208277622149
PSD_3_to_7_7,-0.0811789510066695,0.45234447808637734,-0.35069864459221023,-0.07849014257724844,1.0,0.9523184809066016,0.9919622077439338,-0.12524599768453482
PSD_12_to_30_7,-0.11641125589689177,0.33146859225025205,-0.5194644402507557,-0.1953461381293919,0.9523184809066016,1.0,0.9082507252425742,0.11090973285845894
PSD_20_to_40_7,-0.027947058010673015,0.5204997296386588,-0.24613649130457874,-0.009314307922923613,0.9919622077439338,0.9082507252425742,1.0,-0.20001320733162428
levodopa_7,-0.024656039384739474,-0.18663012768520643,-0.26648435314151514,-0.5327208277622149,-0.12524599768453482,0.11090973285845894,-0.20001320733162428,1.0
