,burstduration_7,burstinterval_7,Ku_7,CorrDim_7,PSD_3_to_7_7,PSD_12_to_30_7,PSD_20_to_40_7,levodopa_7
burstduration_7,1.0,0.2923499887973561,0.3419877787777138,-0.46391865181950553,-0.23626901410814166,-0.19844546926598666,-0.1938166922290653,-0.033450853713628555
burstinterval_7,0.2923499887973561,1.0,-0.07656056764012739,-0.09348231485586195,0.25059100766293646,0.12136727871763041,0.22764571650049265,0.5245384527179959
Ku_7,0.3419877787777138,-0.07656056764012739,1.0,-0.9017529992253965,0.2851686506588935,0.22860122413834758,0.3248716449116284,0.5597945111213612
CorrDim_7,-0.46391865181950553,-0.09348231485586195,-0.9017529992253965,1.0,-0.2930313493744876,-0.4834804340010466,-0.3623465718798614,-0.3949257806656957
PSD_3_to_7_7,-0.23626901410814166,0.25059100766293646,0.2851686506588935,-0.2930313493744876,1.0,0.7134219623362646,0.9946972918213555,0.4818531562454119
PSD_12_to_30_7,-0.19844546926598666,0.12136727871763041,0.22860122413834758,-0.4834804340010466,0.7134219623362646,1.0,0.7688928314181159,0.0701676983204665
PSD_20_to_40_7,-0.1938166922290653,0.22764571650049265,0.3248716449116284,-0.3623465718798614,0.9946972918213555,0.7688928314181159,1.0,0.4418037688729298
levodopa_7,-0.033450853713628555,0.5245384527179959,0.5597945111213612,-0.3949257806656957,0.4818531562454119,0.0701676983204665,0.4418037688729298,1.0
