,burstduration_14,burstinterval_14,Ku_14,CorrDim_14,PSD_3_to_7_14,PSD_12_to_30_14,PSD_20_to_40_14,levodopa_14
burstduration_14,1.0,0.31170200181522856,-0.35847919153654684,0.5035996491761885,0.026441616030590486,-0.1830565097267758,0.05934060568974591,-0.8953385509767461
burstinterval_14,0.31170200181522856,1.0,-0.6261408499887055,-0.4146217275572397,-0.3848880112743549,-0.47785233097943425,-0.38388947823514197,-0.414079574140766
Ku_14,-0.35847919153654684,-0.6261408499887055,1.0,0.6059482415575074,0.903954877956653,0.9647568069415388,0.8947543332627776,0.0825226563758461
CorrDim_14,0.5035996491761885,-0.4146217275572397,0.6059482415575074,1.0,0.8009928367747318,0.6815200787468284,0.826298671770642,-0.6270829478157889
PSD_3_to_7_14,0.026441616030590486,-0.3848880112743549,0.903954877956653,0.8009928367747318,1.0,0.9752179515600491,0.9986825014512859,-0.3345007758934099
PSD_12_to_30_14,-0.1830565097267758,-0.47785233097943425,0.9647568069415388,0.6815200787468284,0.9752179515600491,1.0,0.9652588534495268,-0.12188746850994453
PSD_20_to_40_14,0.05934060568974591,-0.38388947823514197,0.8947543332627776,0.826298671770642,0.9986825014512859,0.9652588534495268,1.0,-0.3641155713163097
levodopa_14,-0.8953385509767461,-0.414079574140766,0.0825226563758461,-0.6270829478157889,-0.3345007758934099,-0.12188746850994453,-0.3641155713163097,1.0
