,burstduration_13,burstinterval_13,Ku_13,CorrDim_13,PSD_3_to_7_13,PSD_12_to_30_13,PSD_20_to_40_13,levodopa_13
burstduration_13,1.0,-0.7253607195346341,-0.6869575478591496,0.45325086584669994,-0.5477337773357999,-0.5428261600840588,-0.5736483545881386,0.5759176742048442
burstinterval_13,-0.7253607195346341,1.0,0.30173671148747233,0.13633607501919423,0.2996023999279624,0.2736548495809746,0.330800476580509,-0.19448913699515447
Ku_13,-0.6869575478591496,0.30173671148747233,1.0,-0.7378010081836226,0.8461757407003141,0.8719701641294995,0.8544156466437886,-0.78736702798418
CorrDim_13,0.45325086584669994,0.13633607501919423,-0.7378010081836226,1.0,-0.6617024812261291,-0.6250780401773562,-0.6417573373983848,0.630473798412842
PSD_3_to_7_13,-0.5477337773357999,0.2996023999279624,0.8461757407003141,-0.6617024812261291,1.0,0.9663385792612983,0.9975597212525334,-0.7411451170598373
PSD_12_to_30_13,-0.5428261600840588,0.2736548495809746,0.8719701641294995,-0.6250780401773562,0.9663385792612983,1.0,0.973820654315271,-0.7906636472334236
PSD_20_to_40_13,-0.5736483545881386,0.330800476580509,0.8544156466437886,-0.6417573373983848,0.9975597212525334,0.973820654315271,1.0,-0.7313335948076141
levodopa_13,0.5759176742048442,-0.19448913699515447,-0.78736702798418,0.630473798412842,-0.7411451170598373,-0.7906636472334236,-0.7313335948076141,1.0
