,burstduration_10,burstinterval_10,Ku_10,CorrDim_10,PSD_3_to_7_10,PSD_12_to_30_10,PSD_20_to_40_10,levodopa_10
burstduration_10,1.0,-0.05593126604199178,-0.11586260917050663,0.25590865877001856,-0.23706251019232563,-0.18751129776504702,-0.1894759610931736,0.3108815326971513
burstinterval_10,-0.05593126604199178,1.0,-0.45085237940345757,0.43734558103515897,-0.08991597392110204,-0.0033626684642433452,-0.06658305137660256,0.43979638612576605
Ku_10,-0.11586260917050663,-0.45085237940345757,1.0,-0.7881825372092738,0.7861966514100341,0.7706538866664692,0.7574262976664972,-0.7158652513560819
CorrDim_10,0.25590865877001856,0.43734558103515897,-0.7881825372092738,1.0,-0.7151989272216739,-0.6769658342623546,-0.6937605960975692,0.7214757125493522
PSD_3_to_7_10,-0.23706251019232563,-0.08991597392110204,0.7861966514100341,-0.7151989272216739,1.0,0.9803779803448177,0.9963200252518735,-0.6950616252700017
PSD_12_to_30_10,-0.18751129776504702,-0.0033626684642433452,0.7706538866664692,-0.6769658342623546,0.9803779803448177,1.0,0.9712306753259818,-0.7271182053070443
PSD_20_to_40_10,-0.1894759610931736,-0.06658305137660256,0.7574262976664972,-0.6937605960975692,0.9963200252518735,0.9712306753259818,1.0,-0.6427863294590442
levodopa_10,0.3108815326971513,0.43979638612576605,-0.7158652513560819,0.7214757125493522,-0.6950616252700017,-0.7271182053070443,-0.6427863294590442,1.0
