,burstduration_9,burstinterval_9,Ku_9,CorrDim_9,PSD_3_to_7_9,PSD_12_to_30_9,PSD_20_to_40_9,levodopa_9
burstduration_9,1.0,0.7053564037176315,-0.37338321201271035,-0.8552758390621744,-0.553395933473083,-0.5331255565277834,-0.5999290121695526,-0.1701703296429446
burstinterval_9,0.7053564037176315,1.0,-0.5214780752051138,-0.6126132133833118,-0.13842401863702916,-0.06896254374907057,-0.17182422220153185,-0.5526504548829305
Ku_9,-0.37338321201271035,-0.5214780752051138,1.0,0.01596385192951335,-0.15545693460826954,-0.2399725412433477,-0.10354202035626596,0.49747544039348734
CorrDim_9,-0.8552758390621744,-0.6126132133833118,0.01596385192951335,1.0,0.3067569108870266,0.3300491657304568,0.3406245862778463,0.3350552215296391
PSD_3_to_7_9,-0.553395933473083,-0.13842401863702916,-0.15545693460826954,0.3067569108870266,1.0,0.9931724382601534,0.9976768776933391,-0.7046856702082946
PSD_12_to_30_9,-0.5331255565277834,-0.06896254374907057,-0.2399725412433477,0.3300491657304568,0.9931724382601534,1.0,0.9883698472721096,-0.7300108003413062
PSD_20_to_40_9,-0.5999290121695526,-0.17182422220153185,-0.10354202035626596,0.3406245862778463,0.9976768776933391,0.9883698472721096,1.0,-0.6683343614487697
levodopa_9,-0.1701703296429446,-0.5526504548829305,0.49747544039348734,0.3350552215296391,-0.7046856702082946,-0.7300108003413062,-0.6683343614487697,1.0
