,burstduration_6,burstinterval_6,Ku_6,CorrDim_6,PSD_3_to_7_6,PSD_12_to_30_6,PSD_20_to_40_6,levodopa_6
burstduration_6,1.0,-0.0029077231991602006,-0.24377371881085907,-0.49661011600269617,0.1149332311714764,0.13995836167958112,0.19323028260423974,0.5323027415525416
burstinterval_6,-0.0029077231991602006,1.0,-0.048663695812004124,0.4391629737497214,-0.41812662080947766,-0.48455118445653966,-0.4170537616986037,0.3357918600139678
Ku_6,-0.24377371881085907,-0.048663695812004124,1.0,-0.432184200705788,0.6099515178414474,0.5360392078318075,0.5676650873455409,-0.36102314083121045
CorrDim_6,-0.49661011600269617,0.4391629737497214,-0.432184200705788,1.0,-0.4457605383364311,-0.4896758964653239,-0.46390329116989537,0.06157993763909103
PSD_3_to_7_6,0.1149332311714764,-0.41812662080947766,0.6099515178414474,-0.4457605383364311,1.0,0.9899329923449093,0.9965524693472221,-0.6100219035654394
PSD_12_to_30_6,0.13995836167958112,-0.48455118445653966,0.5360392078318075,-0.4896758964653239,0.9899329923449093,1.0,0.9889005178185297,-0.6504198029831286
PSD_20_to_40_6,0.19323028260423974,-0.4170537616986037,0.5676650873455409,-0.46390329116989537,0.9965524693472221,0.9889005178185297,1.0,-0.5603273120703529
levodopa_6,0.5323027415525416,0.3357918600139678,-0.36102314083121045,0.06157993763909103,-0.6100219035654394,-0.6504198029831286,-0.5603273120703529,1.0
