,burstduration_5,burstinterval_5,Ku_5,CorrDim_5,PSD_3_to_7_5,PSD_12_to_30_5,PSD_20_to_40_5,levodopa_5
burstduration_5,1.0,-0.31709635561289634,-0.2843481077821097,-0.4812480073452156,-0.19355194919764745,-0.18078357077126242,-0.1866480428841733,-0.012807903658522165
burstinterval_5,-0.31709635561289634,1.0,0.10654954169252515,0.010021661651546351,-0.3399271570922056,-0.32477788342844605,-0.33182647586479985,-0.13857170773462982
Ku_5,-0.2843481077821097,0.10654954169252515,1.0,-0.09685846279008958,-0.3523883052695676,-0.36980290630110474,-0.36981513388107107,-0.08179253081142598
CorrDim_5,-0.4812480073452156,0.010021661651546351,-0.09685846279008958,1.0,0.2743962912443578,0.30298616531692746,0.2846095054410685,0.23927699941199213
PSD_3_to_7_5,-0.19355194919764745,-0.3399271570922056,-0.3523883052695676,0.2743962912443578,1.0,0.9972119249269794,0.9993609408824836,-0.04919491301918026
PSD_12_to_30_5,-0.18078357077126242,-0.32477788342844605,-0.36980290630110474,0.30298616531692746,0.9972119249269794,1.0,0.9988819802474362,-0.08080333921933026
PSD_20_to_40_5,-0.1866480428841733,-0.33182647586479985,-0.36981513388107107,0.2846095054410685,0.9993609408824836,0.9988819802474362,1.0,-0.06961668641606795
levodopa_5,-0.012807903658522165,-0.13857170773462982,-0.08179253081142598,0.23927699941199213,-0.04919491301918026,-0.08080333921933026,-0.06961668641606795,1.0
