,burstduration_16,burstinterval_16,Ku_16,CorrDim_16,PSD_3_to_7_16,PSD_12_to_30_16,PSD_20_to_40_16,levodopa_16
burstduration_16,1.0,0.03493517157282617,-0.2576910397321348,0.6434238907640342,0.48121482768308566,0.5037183590093058,0.29765253289842264,0.33919742606453235
burstinterval_16,0.03493517157282617,1.0,-0.04294542704439108,0.439508116645395,0.22044764060890318,0.3917891512423003,0.10677609302441617,-0.7822569603530061
Ku_16,-0.2576910397321348,-0.04294542704439108,1.0,0.09750521999916449,-0.07753070472765082,0.3454284804740285,0.035704663717517765,0.38912530140389984
CorrDim_16,0.6434238907640342,0.439508116645395,0.09750521999916449,1.0,0.8745766936870393,0.689805462994953,0.7898785258957994,-0.0021002898891598976
PSD_3_to_7_16,0.48121482768308566,0.22044764060890318,-0.07753070472765082,0.8745766936870393,1.0,0.5909968430492983,0.9694535916707219,-0.05441128321924392
PSD_12_to_30_16,0.5037183590093058,0.3917891512423003,0.3454284804740285,0.689805462994953,0.5909968430492983,1.0,0.48504079694898494,-0.005050772248351308
PSD_20_to_40_16,0.29765253289842264,0.10677609302441617,0.035704663717517765,0.7898785258957994,0.9694535916707219,0.48504079694898494,1.0,0.00021477253740870972
levodopa_16,0.33919742606453235,-0.7822569603530061,0.38912530140389984,-0.0021002898891598976,-0.05441128321924392,-0.005050772248351308,0.00021477253740870972,1.0
