,burstduration_4,burstinterval_4,Ku_4,CorrDim_4,PSD_3_to_7_4,PSD_12_to_30_4,PSD_20_to_40_4,levodopa_4
burstduration_4,1.0,0.24886296109273418,-0.36214296972716364,0.5890670644656628,-0.47843284673284114,-0.6190094832994211,-0.4136815660279137,0.05340456376968058
burstinterval_4,0.24886296109273418,1.0,-0.20859828604335595,-0.23097476420297436,0.04873491782246231,-0.38100162329601184,-0.02909314933707847,0.15958463062602055
Ku_4,-0.36214296972716364,-0.20859828604335595,1.0,0.46634605964971193,-0.5879353843373545,-0.3894313635020575,-0.6599257805242239,-0.49728321909241113
CorrDim_4,0.5890670644656628,-0.23097476420297436,0.46634605964971193,1.0,-0.9532109269397429,-0.7219408693006288,-0.9066610393186479,-0.30253385020915247
PSD_3_to_7_4,-0.47843284673284114,0.04873491782246231,-0.5879353843373545,-0.9532109269397429,1.0,0.7841253484586077,0.9843897488079479,0.23416167004174568
PSD_12_to_30_4,-0.6190094832994211,-0.38100162329601184,-0.3894313635020575,-0.7219408693006288,0.7841253484586077,1.0,0.843518118137156,0.1436439119128551
PSD_20_to_40_4,-0.4136815660279137,-0.02909314933707847,-0.6599257805242239,-0.9066610393186479,0.9843897488079479,0.843518118137156,1.0,0.22380038618318887
levodopa_4,0.05340456376968058,0.15958463062602055,-0.49728321909241113,-0.30253385020915247,0.23416167004174568,0.1436439119128551,0.22380038618318887,1.0
